Accepted Symbol,Family Common Name,Common Name,Kingdom,Division,Class,Order,Family,Genus,Scientific Name,Duration,Growth Habit
ACGLG2,Maple family,Rocky Mountain maple,Plantae,Magnoliophyta,Magnoliopsida,Sapindales,Aceraceae,Acer,Acer glabrum var. glabrum,Perennial,"Shrub, Tree"
ACGLN2,Maple family,New Mexico maple,Plantae,Magnoliophyta,Magnoliopsida,Sapindales,Aceraceae,Acer,Acer glabrum var. neomexicanum,Perennial,"Shrub, Tree"
ACGR3,Maple family,bigtooth maple,Plantae,Magnoliophyta,Magnoliopsida,Sapindales,Aceraceae,Acer,Acer grandidentatum,Perennial,"Shrub, Tree"
ACGRG,Maple family,bigtooth maple,Plantae,Magnoliophyta,Magnoliopsida,Sapindales,Aceraceae,Acer,Acer grandidentatum var. grandidentatum,Perennial,"Shrub, Tree"
ACNEI2,Maple family,boxelder,Plantae,Magnoliophyta,Magnoliopsida,Sapindales,Aceraceae,Acer,Acer negundo var. interius,Perennial,Tree
ACNEV,Maple family,boxelder,Plantae,Magnoliophyta,Magnoliopsida,Sapindales,Aceraceae,Acer,Acer negundo var. violaceum,Perennial,Tree
SEVE2,Fig-marigold family,verrucose seapurslane,Plantae,Magnoliophyta,Magnoliopsida,Caryophyllales,Aizoaceae,Sesuvium,Sesuvium verrucosum,"Annual, Perennial",Forb/herb
TRPO2,Fig-marigold family,desert horsepurslane,Plantae,Magnoliophyta,Magnoliopsida,Caryophyllales,Aizoaceae,Trianthema,Trianthema portulacastrum,"Annual, Perennial",Forb/herb
AMAR,Amaranth family,sandhill amaranth,Plantae,Magnoliophyta,Magnoliopsida,Caryophyllales,Amaranthaceae,Amaranthus,Amaranthus arenicola,Annual,Forb/herb
AMWR,Amaranth family,Wright's amaranth,Plantae,Magnoliophyta,Magnoliopsida,Caryophyllales,Amaranthaceae,Amaranthus,Amaranthus wrightii,Annual,Forb/herb
FRFL,Amaranth family,plains snakecotton,Plantae,Magnoliophyta,Magnoliopsida,Caryophyllales,Amaranthaceae,Froelichia,Froelichia floridana,Annual,Forb/herb
FRFLC,Amaranth family,plains snakecotton,Plantae,Magnoliophyta,Magnoliopsida,Caryophyllales,Amaranthaceae,Froelichia,Froelichia floridana var. campestris,Annual,Forb/herb
GUDE,Amaranth family,small matweed,Plantae,Magnoliophyta,Magnoliopsida,Caryophyllales,Amaranthaceae,Guilleminea,Guilleminea densa,Perennial,Forb/herb
GUDED,Amaranth family,small matweed,Plantae,Magnoliophyta,Magnoliopsida,Caryophyllales,Amaranthaceae,Guilleminea,Guilleminea densa var. densa,Perennial,Forb/herb
TILA2,Amaranth family,woolly tidestromia,Plantae,Magnoliophyta,Magnoliopsida,Caryophyllales,Amaranthaceae,Tidestromia,Tidestromia lanuginosa,Annual,Forb/herb
RHTRP,Sumac family,pubescent skunkbush sumac,Plantae,Magnoliophyta,Magnoliopsida,Sapindales,Anacardiaceae,Rhus,Rhus trilobata var. pilosissima,Perennial,Shrub
RHTRS,Sumac family,skunkbush sumac,Plantae,Magnoliophyta,Magnoliopsida,Sapindales,Anacardiaceae,Rhus,Rhus trilobata var. simplicifolia,Perennial,Shrub
ALAC2,Carrot family,stemless Indian parsley,Plantae,Magnoliophyta,Magnoliopsida,Apiales,Apiaceae,Aletes,Aletes acaulis,Perennial,Forb/herb
ALAN3,Carrot family,Rocky Mountain Indian parsley,Plantae,Magnoliophyta,Magnoliopsida,Apiales,Apiaceae,Aletes,Aletes anisatus,Perennial,Forb/herb
ALHU,Carrot family,Colorado aletes,Plantae,Magnoliophyta,Magnoliopsida,Apiales,Apiaceae,Aletes,Aletes humilis,Perennial,Forb/herb
ALMA3,Carrot family,MacDougal's Indian parsley,Plantae,Magnoliophyta,Magnoliopsida,Apiales,Apiaceae,Aletes,Aletes macdougalii,Perennial,Forb/herb
ALMAB,Carrot family,MacDougal's Indian parsley,Plantae,Magnoliophyta,Magnoliopsida,Apiales,Apiaceae,Aletes,Aletes macdougalii ssp. breviradiatus,Perennial,Forb/herb
ALSE5,Carrot family,sessileflower Indian parsley,Plantae,Magnoliophyta,Magnoliopsida,Apiales,Apiaceae,Aletes,Aletes sessiliflorus,Perennial,Forb/herb
ANAM,Carrot family,giant angelica,Plantae,Magnoliophyta,Magnoliopsida,Apiales,Apiaceae,Angelica,Angelica ampla,Perennial,Forb/herb
ANGR3,Carrot family,Gray's angelica,Plantae,Magnoliophyta,Magnoliopsida,Apiales,Apiaceae,Angelica,Angelica grayi,Perennial,Forb/herb
ANRO,Carrot family,rose angelica,Plantae,Magnoliophyta,Magnoliopsida,Apiales,Apiaceae,Angelica,Angelica roseana,Perennial,Forb/herb
COSC2,Carrot family,Rocky Mountain hemlockparsley,Plantae,Magnoliophyta,Magnoliopsida,Apiales,Apiaceae,Conioselinum,Conioselinum scopulorum,Perennial,Forb/herb
CYACF,Carrot family,Fendler's springparsley,Plantae,Magnoliophyta,Magnoliopsida,Apiales,Apiaceae,Cymopterus,Cymopterus acaulis var. fendleri,Perennial,Forb/herb
CYBU,Carrot family,bulbous springparsley,Plantae,Magnoliophyta,Magnoliopsida,Apiales,Apiaceae,Cymopterus,Cymopterus bulbosus,Perennial,Forb/herb
CYCO22,Carrot family,Constance's springparsley,Plantae,Magnoliophyta,Magnoliopsida,Apiales,Apiaceae,Cymopterus,Cymopterus constancei,Perennial,Forb/herb
CYDU,Carrot family,Uinta Basin springparsley,Plantae,Magnoliophyta,Magnoliopsida,Apiales,Apiaceae,Cymopterus,Cymopterus duchesnensis,Perennial,Forb/herb
CYLO,Carrot family,longstalk springparsley,Plantae,Magnoliophyta,Magnoliopsida,Apiales,Apiaceae,Cymopterus,Cymopterus longipes,Perennial,Forb/herb
CYMO,Carrot family,mountain springparsley,Plantae,Magnoliophyta,Magnoliopsida,Apiales,Apiaceae,Cymopterus,Cymopterus montanus,Perennial,Forb/herb
CYPL,Carrot family,Rocky Mountain springparsley,Plantae,Magnoliophyta,Magnoliopsida,Apiales,Apiaceae,Cymopterus,Cymopterus planosus,Perennial,Forb/herb
CYPU,Carrot family,widewing springparsley,Plantae,Magnoliophyta,Magnoliopsida,Apiales,Apiaceae,Cymopterus,Cymopterus purpurascens,Perennial,Forb/herb
CYPU2,Carrot family,purple springparsley,Plantae,Magnoliophyta,Magnoliopsida,Apiales,Apiaceae,Cymopterus,Cymopterus purpureus,Perennial,Forb/herb
HATR,Carrot family,whiskbroom parsley,Plantae,Magnoliophyta,Magnoliopsida,Apiales,Apiaceae,Harbouria,Harbouria trachypleura,Perennial,Forb/herb
LIFI,Carrot family,fernleaf licorice-root,Plantae,Magnoliophyta,Magnoliopsida,Apiales,Apiaceae,Ligusticum,Ligusticum filicinum,Perennial,Forb/herb
LIPO,Carrot family,Porter's licorice-root,Plantae,Magnoliophyta,Magnoliopsida,Apiales,Apiaceae,Ligusticum,Ligusticum porteri,Perennial,Forb/herb
LIPOP,Carrot family,Porter's licorice-root,Plantae,Magnoliophyta,Magnoliopsida,Apiales,Apiaceae,Ligusticum,Ligusticum porteri var. porteri,Perennial,Forb/herb
LITE2,Carrot family,Idaho licorice-root,Plantae,Magnoliophyta,Magnoliopsida,Apiales,Apiaceae,Ligusticum,Ligusticum tenuifolium,Perennial,Forb/herb
LOBI,Carrot family,Wasatch desertparsley,Plantae,Magnoliophyta,Magnoliopsida,Apiales,Apiaceae,Lomatium,Lomatium bicolor,Perennial,Forb/herb
LOBIB,Carrot family,Wasatch desertparsley,Plantae,Magnoliophyta,Magnoliopsida,Apiales,Apiaceae,Lomatium,Lomatium bicolor var. bicolor,Perennial,Forb/herb
LOBIL,Carrot family,Wasatch desertparsley,Plantae,Magnoliophyta,Magnoliopsida,Apiales,Apiaceae,Lomatium,Lomatium bicolor var. leptocarpum,Perennial,Forb/herb
LOCO2,Carrot family,adobe desertparsley,Plantae,Magnoliophyta,Magnoliopsida,Apiales,Apiaceae,Lomatium,Lomatium concinnum,Perennial,Forb/herb
LOEA,Carrot family,Eastwood's desertparsley,Plantae,Magnoliophyta,Magnoliopsida,Apiales,Apiaceae,Lomatium,Lomatium eastwoodiae,Perennial,Forb/herb
LOFOM,Carrot family,Macdougal's biscuitroot,Plantae,Magnoliophyta,Magnoliopsida,Apiales,Apiaceae,Lomatium,Lomatium foeniculaceum ssp. macdougalii,Perennial,Forb/herb
LOJU,Carrot family,juniper biscuitroot,Plantae,Magnoliophyta,Magnoliopsida,Apiales,Apiaceae,Lomatium,Lomatium juniperinum,Perennial,Forb/herb
LOLA4,Carrot family,Canyonlands biscuitroot,Plantae,Magnoliophyta,Magnoliopsida,Apiales,Apiaceae,Lomatium,Lomatium latilobum,Perennial,Forb/herb
LONU3,Carrot family,Nuttall's biscuitroot,Plantae,Magnoliophyta,Magnoliopsida,Apiales,Apiaceae,Lomatium,Lomatium nuttallii,Perennial,Forb/herb
MUTE3,Carrot family,slender wildparsley,Plantae,Magnoliophyta,Magnoliopsida,Apiales,Apiaceae,Musineon,Musineon tenuifolium,Perennial,Forb/herb
NELI2,Carrot family,Bill's neoparrya,Plantae,Magnoliophyta,Magnoliopsida,Apiales,Apiaceae,Neoparrya,Neoparrya lithophila,Perennial,Forb/herb
ORAL,Carrot family,alpine oreoxis,Plantae,Magnoliophyta,Magnoliopsida,Apiales,Apiaceae,Oreoxis,Oreoxis alpina,Perennial,Forb/herb
ORALA,Carrot family,alpine oreoxis,Plantae,Magnoliophyta,Magnoliopsida,Apiales,Apiaceae,Oreoxis,Oreoxis alpina ssp. alpina,Perennial,Forb/herb
ORALP,Carrot family,alpine oreoxis,Plantae,Magnoliophyta,Magnoliopsida,Apiales,Apiaceae,Oreoxis,Oreoxis alpina ssp. puberulenta,Perennial,Forb/herb
ORBA,Carrot family,Baker's alpineparsley,Plantae,Magnoliophyta,Magnoliopsida,Apiales,Apiaceae,Oreoxis,Oreoxis bakeri,Perennial,Forb/herb
ORHU,Carrot family,Rocky Mountain alpineparsley,Plantae,Magnoliophyta,Magnoliopsida,Apiales,Apiaceae,Oreoxis,Oreoxis humilis,Perennial,Forb/herb
ORLI,Carrot family,Great Basin Indian potato,Plantae,Magnoliophyta,Magnoliopsida,Apiales,Apiaceae,Orogenia,Orogenia linearifolia,Perennial,Forb/herb
OXFE,Carrot family,Fendler's cowbane,Plantae,Magnoliophyta,Magnoliopsida,Apiales,Apiaceae,Oxypolis,Oxypolis fendleri,Perennial,Forb/herb
POEA,Carrot family,Eastwood's podistera,Plantae,Magnoliophyta,Magnoliopsida,Apiales,Apiaceae,Podistera,Podistera eastwoodiae,Perennial,Forb/herb
PSMO,Carrot family,alpine false springparsley,Plantae,Magnoliophyta,Magnoliopsida,Apiales,Apiaceae,Pseudocymopterus,Pseudocymopterus montanus,Perennial,Forb/herb
PTHE,Carrot family,Henderson's wavewing,Plantae,Magnoliophyta,Magnoliopsida,Apiales,Apiaceae,Pteryxia,Pteryxia hendersonii,Perennial,Forb/herb
PTPE,Carrot family,rockloving wavewing,Plantae,Magnoliophyta,Magnoliopsida,Apiales,Apiaceae,Pteryxia,Pteryxia petraea,Perennial,Forb/herb
PTTEA,Carrot family,turpentine wavewing,Plantae,Magnoliophyta,Magnoliopsida,Apiales,Apiaceae,Pteryxia,Pteryxia terebinthina var. albiflora,Perennial,Forb/herb
AMJO,Dogbane family,Jones' bluestar,Plantae,Magnoliophyta,Magnoliopsida,Gentianales,Apocynaceae,Amsonia,Amsonia jonesii,Perennial,Forb/herb
ARRAB2,Ginseng family,American spikenard,Plantae,Magnoliophyta,Magnoliopsida,Apiales,Araliaceae,Aralia,Aralia racemosa ssp. bicrenata,Perennial,"Forb/herb, Subshrub"
ASAR,Milkweed family,sand milkweed,Plantae,Magnoliophyta,Magnoliopsida,Gentianales,Asclepiadaceae,Asclepias,Asclepias arenaria,Perennial,Forb/herb
ASAS,Milkweed family,spider milkweed,Plantae,Magnoliophyta,Magnoliopsida,Gentianales,Asclepiadaceae,Asclepias,Asclepias asperula,Perennial,Forb/herb
ASASA,Milkweed family,spider milkweed,Plantae,Magnoliophyta,Magnoliopsida,Gentianales,Asclepiadaceae,Asclepias,Asclepias asperula ssp. asperula,Perennial,Forb/herb
ASCR,Milkweed family,pallid milkweed,Plantae,Magnoliophyta,Magnoliopsida,Gentianales,Asclepiadaceae,Asclepias,Asclepias cryptoceras,Perennial,Forb/herb
ASCRC2,Milkweed family,pallid milkweed,Plantae,Magnoliophyta,Magnoliopsida,Gentianales,Asclepiadaceae,Asclepias,Asclepias cryptoceras ssp. cryptoceras,Perennial,Forb/herb
ASEN,Milkweed family,Engelmann's milkweed,Plantae,Magnoliophyta,Magnoliopsida,Gentianales,Asclepiadaceae,Asclepias,Asclepias engelmanniana,Perennial,Forb/herb
ASHA6,Milkweed family,Hall's milkweed,Plantae,Magnoliophyta,Magnoliopsida,Gentianales,Asclepiadaceae,Asclepias,Asclepias hallii,Perennial,Forb/herb
ASIN14,Milkweed family,dwarf milkweed,Plantae,Magnoliophyta,Magnoliopsida,Gentianales,Asclepiadaceae,Asclepias,Asclepias involucrata,Perennial,"Forb/herb, Subshrub"
ASLA4,Milkweed family,broadleaf milkweed,Plantae,Magnoliophyta,Magnoliopsida,Gentianales,Asclepiadaceae,Asclepias,Asclepias latifolia,Perennial,Forb/herb
ASMA,Milkweed family,longhood milkweed,Plantae,Magnoliophyta,Magnoliopsida,Gentianales,Asclepiadaceae,Asclepias,Asclepias macrotis,Perennial,Subshrub
ASOE,Milkweed family,zizotes milkweed,Plantae,Magnoliophyta,Magnoliopsida,Gentianales,Asclepiadaceae,Asclepias,Asclepias oenotheroides,Perennial,Forb/herb
ASPU,Milkweed family,plains milkweed,Plantae,Magnoliophyta,Magnoliopsida,Gentianales,Asclepiadaceae,Asclepias,Asclepias pumila,Perennial,Forb/herb
ASRU6,Milkweed family,Rusby's milkweed,Plantae,Magnoliophyta,Magnoliopsida,Gentianales,Asclepiadaceae,Asclepias,Asclepias rusbyi,Perennial,Forb/herb
ASST,Milkweed family,slimleaf milkweed,Plantae,Magnoliophyta,Magnoliopsida,Gentianales,Asclepiadaceae,Asclepias,Asclepias stenophylla,Perennial,"Forb/herb, Subshrub"
ASSU2,Milkweed family,horsetail milkweed,Plantae,Magnoliophyta,Magnoliopsida,Gentianales,Asclepiadaceae,Asclepias,Asclepias subverticillata,Perennial,Forb/herb
ASUN4,Milkweed family,wheel milkweed,Plantae,Magnoliophyta,Magnoliopsida,Gentianales,Asclepiadaceae,Asclepias,Asclepias uncialis,Perennial,Forb/herb
ASUNU2,Milkweed family,wheel milkweed,Plantae,Magnoliophyta,Magnoliopsida,Gentianales,Asclepiadaceae,Asclepias,Asclepias uncialis ssp. uncialis,Perennial,Forb/herb
FUCR,Milkweed family,wavyleaf twinevine,Plantae,Magnoliophyta,Magnoliopsida,Gentianales,Asclepiadaceae,Funastrum,Funastrum crispum,Perennial,"Forb/herb, Vine"
ACMIA,Aster family,common yarrow,Plantae,Magnoliophyta,Magnoliopsida,Asterales,Asteraceae,Achillea,Achillea millefolium var. alpicola,Perennial,Forb/herb
AGHE5,Aster family,fragrant snakeroot,Plantae,Magnoliophyta,Magnoliopsida,Asterales,Asteraceae,Ageratina,Ageratina herbacea,Perennial,"Forb/herb, Subshrub"
AGMO2,Aster family,agoseris,Plantae,Magnoliophyta,Magnoliopsida,Asterales,Asteraceae,Agoseris,Agoseris Ã—montana,Perennial,Forb/herb
AGAUP,Aster family,orange agoseris,Plantae,Magnoliophyta,Magnoliopsida,Asterales,Asteraceae,Agoseris,Agoseris aurantiaca var. purpurea,Perennial,"Forb/herb, Subshrub"
AGGLA,Aster family,pale agoseris,Plantae,Magnoliophyta,Magnoliopsida,Asterales,Asteraceae,Agoseris,Agoseris glauca var. agrestis,Perennial,Forb/herb
AGGLL,Aster family,false agoseris,Plantae,Magnoliophyta,Magnoliopsida,Asterales,Asteraceae,Agoseris,Agoseris glauca var. laciniata,Perennial,"Forb/herb, Shrub, Subshrub"
AMCO3,Aster family,weakleaf bur ragweed,Plantae,Magnoliophyta,Magnoliopsida,Asterales,Asteraceae,Ambrosia,Ambrosia confertiflora,Perennial,Forb/herb
AMGR5,Aster family,woollyleaf bur ragweed,Plantae,Magnoliophyta,Magnoliopsida,Asterales,Asteraceae,Ambrosia,Ambrosia grayi,Perennial,Forb/herb
AMLI3,Aster family,streaked bur ragweed,Plantae,Magnoliophyta,Magnoliopsida,Asterales,Asteraceae,Ambrosia,Ambrosia linearis,Annual,Subshrub
AMTO3,Aster family,skeletonleaf bur ragweed,Plantae,Magnoliophyta,Magnoliopsida,Asterales,Asteraceae,Ambrosia,Ambrosia tomentosa,Perennial,Forb/herb
ANMA5,Aster family,whitemargin pussytoes,Plantae,Magnoliophyta,Magnoliopsida,Asterales,Asteraceae,Antennaria,Antennaria marginata,Perennial,Forb/herb
ANRO3,Aster family,Kaibab pussytoes,Plantae,Magnoliophyta,Magnoliopsida,Asterales,Asteraceae,Antennaria,Antennaria rosulata,Perennial,Forb/herb
ARAR8,Aster family,little sagebrush,Plantae,Magnoliophyta,Magnoliopsida,Asterales,Asteraceae,Artemisia,Artemisia arbuscula,Perennial,"Shrub, Subshrub"
ARARA,Aster family,little sagebrush,Plantae,Magnoliophyta,Magnoliopsida,Asterales,Asteraceae,Artemisia,Artemisia arbuscula ssp. arbuscula,Perennial,"Shrub, Subshrub"
ARARL,Aster family,little sagebrush,Plantae,Magnoliophyta,Magnoliopsida,Asterales,Asteraceae,Artemisia,Artemisia arbuscula ssp. longiloba,Perennial,"Shrub, Subshrub"
ARBI3,Aster family,Bigelow sage,Plantae,Magnoliophyta,Magnoliopsida,Asterales,Asteraceae,Artemisia,Artemisia bigelovii,Perennial,"Shrub, Subshrub"
ARCAV2,Aster family,silver sagebrush,Plantae,Magnoliophyta,Magnoliopsida,Asterales,Asteraceae,Artemisia,Artemisia cana ssp. viscidula,Perennial,"Shrub, Subshrub"
ARCA14,Aster family,Carruth's sagewort,Plantae,Magnoliophyta,Magnoliopsida,Asterales,Asteraceae,Artemisia,Artemisia carruthii,Perennial,Forb/herb
ARFI2,Aster family,sand sagebrush,Plantae,Magnoliophyta,Magnoliopsida,Asterales,Asteraceae,Artemisia,Artemisia filifolia,Perennial,"Shrub, Subshrub"
ARFR3,Aster family,ragweed sagebrush,Plantae,Magnoliophyta,Magnoliopsida,Asterales,Asteraceae,Artemisia,Artemisia franserioides,Perennial,Forb/herb
ARLUA,Aster family,white sagebrush,Plantae,Magnoliophyta,Magnoliopsida,Asterales,Asteraceae,Artemisia,Artemisia ludoviciana ssp. albula,Perennial,"Forb/herb, Subshrub"
ARLUM2,Aster family,white sagebrush,Plantae,Magnoliophyta,Magnoliopsida,Asterales,Asteraceae,Artemisia,Artemisia ludoviciana ssp. mexicana,Perennial,"Forb/herb, Subshrub"
ARNO4,Aster family,black sagebrush,Plantae,Magnoliophyta,Magnoliopsida,Asterales,Asteraceae,Artemisia,Artemisia nova,Perennial,"Shrub, Subshrub"
ARPA17,Aster family,Parry's wormwood,Plantae,Magnoliophyta,Magnoliopsida,Asterales,Asteraceae,Artemisia,Artemisia parryi,Perennial,Forb/herb
ARPA18,Aster family,Patterson's wormwood,Plantae,Magnoliophyta,Magnoliopsida,Asterales,Asteraceae,Artemisia,Artemisia pattersonii,Perennial,Forb/herb
ARPE6,Aster family,birdfoot sagebrush,Plantae,Magnoliophyta,Magnoliopsida,Asterales,Asteraceae,Artemisia,Artemisia pedatifida,Perennial,Subshrub
ARPY2,Aster family,pygmy sagebrush,Plantae,Magnoliophyta,Magnoliopsida,Asterales,Asteraceae,Artemisia,Artemisia pygmaea,Perennial,"Shrub, Subshrub"
ARSC,Aster family,alpine sagebrush,Plantae,Magnoliophyta,Magnoliopsida,Asterales,Asteraceae,Artemisia,Artemisia scopulorum,Perennial,Forb/herb
ARTRS2,Aster family,big sagebrush,Plantae,Magnoliophyta,Magnoliopsida,Asterales,Asteraceae,Artemisia,Artemisia tridentata ssp. spiciformis,Perennial,"Shrub, Tree"
ARTRW8,Aster family,Wyoming big sagebrush,Plantae,Magnoliophyta,Magnoliopsida,Asterales,Asteraceae,Artemisia,Artemisia tridentata ssp. wyomingensis,Perennial,"Shrub, Tree"
BASA4,Aster family,mule-fat,Plantae,Magnoliophyta,Magnoliopsida,Asterales,Asteraceae,Baccharis,Baccharis salicifolia,Perennial,Shrub
BASA,Aster family,willow baccharis,Plantae,Magnoliophyta,Magnoliopsida,Asterales,Asteraceae,Baccharis,Baccharis salicina,Perennial,Shrub
BAWR,Aster family,Wright's baccharis,Plantae,Magnoliophyta,Magnoliopsida,Asterales,Asteraceae,Baccharis,Baccharis wrightii,Perennial,"Shrub, Subshrub"
BADI,Aster family,ragleaf bahia,Plantae,Magnoliophyta,Magnoliopsida,Asterales,Asteraceae,Bahia,Bahia dissecta,"Annual, Biennial, Perennial",Forb/herb
BAHO,Aster family,Hooker's balsamroot,Plantae,Magnoliophyta,Magnoliopsida,Asterales,Asteraceae,Balsamorhiza,Balsamorhiza hookeri,Perennial,Forb/herb
BAHOH2,Aster family,hairy balsamroot,Plantae,Magnoliophyta,Magnoliopsida,Asterales,Asteraceae,Balsamorhiza,Balsamorhiza hookeri var. hispidula,Perennial,Forb/herb
BELY,Aster family,lyreleaf greeneyes,Plantae,Magnoliophyta,Magnoliopsida,Asterales,Asteraceae,Berlandiera,Berlandiera lyrata,Perennial,Forb/herb
BIBI,Aster family,Bigelow's beggarticks,Plantae,Magnoliophyta,Magnoliopsida,Asterales,Asteraceae,Bidens,Bidens bigelovii,Annual,Forb/herb
BIBIB2,Aster family,Bigelow's beggarticks,Plantae,Magnoliophyta,Magnoliopsida,Asterales,Asteraceae,Bidens,Bidens bigelovii var. bigelovii,Annual,Forb/herb
BITE,Aster family,slimlobe beggarticks,Plantae,Magnoliophyta,Magnoliopsida,Asterales,Asteraceae,Bidens,Bidens tenuisecta,Annual,Forb/herb
BRBR2,Aster family,plumed brickellbush,Plantae,Magnoliophyta,Magnoliopsida,Asterales,Asteraceae,Brickellia,Brickellia brachyphylla,Perennial,"Forb/herb, Subshrub"
BRCA3,Aster family,California brickellbush,Plantae,Magnoliophyta,Magnoliopsida,Asterales,Asteraceae,Brickellia,Brickellia californica,Perennial,"Shrub, Subshrub"
BRCAC,Aster family,California brickellbush,Plantae,Magnoliophyta,Magnoliopsida,Asterales,Asteraceae,Brickellia,Brickellia californica var. californica,Perennial,"Shrub, Subshrub"
BREU,Aster family,false boneset,Plantae,Magnoliophyta,Magnoliopsida,Asterales,Asteraceae,Brickellia,Brickellia eupatorioides,Perennial,"Forb/herb, Subshrub"
BREUC2,Aster family,false boneset,Plantae,Magnoliophyta,Magnoliopsida,Asterales,Asteraceae,Brickellia,Brickellia eupatorioides var. chlorolepis,Perennial,"Forb/herb, Subshrub"
BREUC,Aster family,false boneset,Plantae,Magnoliophyta,Magnoliopsida,Asterales,Asteraceae,Brickellia,Brickellia eupatorioides var. corymbulosa,Perennial,"Forb/herb, Subshrub"
BRLO,Aster family,longleaf brickellbush,Plantae,Magnoliophyta,Magnoliopsida,Asterales,Asteraceae,Brickellia,Brickellia longifolia,Perennial,"Shrub, Subshrub"
BRLOL3,Aster family,longleaf brickellbush,Plantae,Magnoliophyta,Magnoliopsida,Asterales,Asteraceae,Brickellia,Brickellia longifolia var. longifolia,Perennial,Shrub
BRMI,Aster family,littleleaf brickellbush,Plantae,Magnoliophyta,Magnoliopsida,Asterales,Asteraceae,Brickellia,Brickellia microphylla,Perennial,"Shrub, Subshrub"
BRMIS,Aster family,rough brickellbush,Plantae,Magnoliophyta,Magnoliopsida,Asterales,Asteraceae,Brickellia,Brickellia microphylla var. scabra,Perennial,"Shrub, Subshrub"
BROBL,Aster family,narrowleaf brickellbush,Plantae,Magnoliophyta,Magnoliopsida,Asterales,Asteraceae,Brickellia,Brickellia oblongifolia var. linifolia,Perennial,"Forb/herb, Shrub, Subshrub"
CHDOA2,Aster family,alpine dustymaiden,Plantae,Magnoliophyta,Magnoliopsida,Asterales,Asteraceae,Chaenactis,Chaenactis douglasii var. alpina,"Biennial, Perennial",Forb/herb
CHST,Aster family,Esteve's pincushion,Plantae,Magnoliophyta,Magnoliopsida,Asterales,Asteraceae,Chaenactis,Chaenactis stevioides,Annual,Forb/herb
CHER2,Aster family,rose heath,Plantae,Magnoliophyta,Magnoliopsida,Asterales,Asteraceae,Chaetopappa,Chaetopappa ericoides,Perennial,"Forb/herb, Subshrub"
CHSC,Aster family,fullstem,Plantae,Magnoliophyta,Magnoliopsida,Asterales,Asteraceae,Chamaechaenactis,Chamaechaenactis scaposa,Perennial,Forb/herb
CHSCS,Aster family,fullstem,Plantae,Magnoliophyta,Magnoliopsida,Asterales,Asteraceae,Chamaechaenactis,Chamaechaenactis scaposa var. scaposa,Perennial,Forb/herb
CHBA11,Aster family,Bailey's rabbitbrush,Plantae,Magnoliophyta,Magnoliopsida,Asterales,Asteraceae,Chrysothamnus,Chrysothamnus baileyi,Perennial,"Shrub, Subshrub"
CHDE2,Aster family,longflower rabbitbrush,Plantae,Magnoliophyta,Magnoliopsida,Asterales,Asteraceae,Chrysothamnus,Chrysothamnus depressus,Perennial,Subshrub
CHGR6,Aster family,Greene's rabbitbrush,Plantae,Magnoliophyta,Magnoliopsida,Asterales,Asteraceae,Chrysothamnus,Chrysothamnus greenei,Perennial,Shrub
CHLI3,Aster family,spearleaf rabbitbrush,Plantae,Magnoliophyta,Magnoliopsida,Asterales,Asteraceae,Chrysothamnus,Chrysothamnus linifolius,Perennial,Shrub
CHVA2,Aster family,Vasey's rabbitbrush,Plantae,Magnoliophyta,Magnoliopsida,Asterales,Asteraceae,Chrysothamnus,Chrysothamnus vaseyi,Perennial,"Shrub, Subshrub"
CHVIA4,Aster family,yellow rabbitbrush,Plantae,Magnoliophyta,Magnoliopsida,Asterales,Asteraceae,Chrysothamnus,Chrysothamnus viscidiflorus ssp. axillaris,Perennial,Shrub
CHVIP4,Aster family,yellow rabbitbrush,Plantae,Magnoliophyta,Magnoliopsida,Asterales,Asteraceae,Chrysothamnus,Chrysothamnus viscidiflorus ssp. puberulus,Perennial,Shrub
CHVIV2,Aster family,yellow rabbitbrush,Plantae,Magnoliophyta,Magnoliopsida,Asterales,Asteraceae,Chrysothamnus,Chrysothamnus viscidiflorus ssp. viscidiflorus,Perennial,Shrub
CHVIL10,Aster family,yellow rabbitbrush,Plantae,Magnoliophyta,Magnoliopsida,Asterales,Asteraceae,Chrysothamnus,Chrysothamnus viscidiflorus ssp. viscidiflorus var. latifolius,Perennial,Shrub
CHVIS5,Aster family,yellow rabbitbrush,Plantae,Magnoliophyta,Magnoliopsida,Asterales,Asteraceae,Chrysothamnus,Chrysothamnus viscidiflorus ssp. viscidiflorus var. stenophyllus,Perennial,Shrub
CHVIV4,Aster family,yellow rabbitbrush,Plantae,Magnoliophyta,Magnoliopsida,Asterales,Asteraceae,Chrysothamnus,Chrysothamnus viscidiflorus ssp. viscidiflorus var. viscidiflorus,Perennial,Shrub
CIAR6,Aster family,jeweled thistle,Plantae,Magnoliophyta,Magnoliopsida,Asterales,Asteraceae,Cirsium,Cirsium araneans,Perennial,Forb/herb
CIBA,Aster family,Barneby's thistle,Plantae,Magnoliophyta,Magnoliopsida,Asterales,Asteraceae,Cirsium,Cirsium barnebyi,Perennial,Forb/herb
CICA10,Aster family,Cainville thistle,Plantae,Magnoliophyta,Magnoliopsida,Asterales,Asteraceae,Cirsium,Cirsium calcareum,"Biennial, Perennial",Forb/herb
CICA11,Aster family,prairie thistle,Plantae,Magnoliophyta,Magnoliopsida,Asterales,Asteraceae,Cirsium,Cirsium canescens,Biennial,Forb/herb
CICE,Aster family,fringed thistle,Plantae,Magnoliophyta,Magnoliopsida,Asterales,Asteraceae,Cirsium,Cirsium centaureae,Perennial,Forb/herb
CICL,Aster family,Fish Lake thistle,Plantae,Magnoliophyta,Magnoliopsida,Asterales,Asteraceae,Cirsium,Cirsium clavatum,Perennial,Forb/herb
CIEA,Aster family,Eaton's thistle,Plantae,Magnoliophyta,Magnoliopsida,Asterales,Asteraceae,Cirsium,Cirsium eatonii,"Biennial, Perennial",Forb/herb
CILA5,Aster family,porcupine thistle,Plantae,Magnoliophyta,Magnoliopsida,Asterales,Asteraceae,Cirsium,Cirsium laterifolium,Perennial,Forb/herb
CIMO2,Aster family,lacy thistle,Plantae,Magnoliophyta,Magnoliopsida,Asterales,Asteraceae,Cirsium,Cirsium modestum,Perennial,Forb/herb
CINE,Aster family,New Mexico thistle,Plantae,Magnoliophyta,Magnoliopsida,Asterales,Asteraceae,Cirsium,Cirsium neomexicanum,"Biennial, Perennial",Forb/herb
CIOC2,Aster family,yellowspine thistle,Plantae,Magnoliophyta,Magnoliopsida,Asterales,Asteraceae,Cirsium,Cirsium ochrocentrum,"Biennial, Perennial",Forb/herb
CIOCO2,Aster family,yellowspine thistle,Plantae,Magnoliophyta,Magnoliopsida,Asterales,Asteraceae,Cirsium,Cirsium ochrocentrum ssp. ochrocentrum,"Biennial, Perennial",Forb/herb
CIOS,Aster family,Osterhout's thistle,Plantae,Magnoliophyta,Magnoliopsida,Asterales,Asteraceae,Cirsium,Cirsium osterhoutii,Perennial,Forb/herb
CIOW,Aster family,Ownbey's thistle,Plantae,Magnoliophyta,Magnoliopsida,Asterales,Asteraceae,Cirsium,Cirsium ownbeyi,Perennial,Forb/herb
CIPA5,Aster family,pale thistle,Plantae,Magnoliophyta,Magnoliopsida,Asterales,Asteraceae,Cirsium,Cirsium pallidum,Perennial,Forb/herb
CIPA,Aster family,Parry's thistle,Plantae,Magnoliophyta,Magnoliopsida,Asterales,Asteraceae,Cirsium,Cirsium parryi,"Biennial, Perennial",Forb/herb
CIPAP2,Aster family,Parry's thistle,Plantae,Magnoliophyta,Magnoliopsida,Asterales,Asteraceae,Cirsium,Cirsium parryi ssp. parryi,"Biennial, Perennial",Forb/herb
CIPE5,Aster family,Rocky Mountain thistle,Plantae,Magnoliophyta,Magnoliopsida,Asterales,Asteraceae,Cirsium,Cirsium perplexans,Perennial,Forb/herb
CIPU3,Aster family,Wyoming thistle,Plantae,Magnoliophyta,Magnoliopsida,Asterales,Asteraceae,Cirsium,Cirsium pulcherrimum,Perennial,Forb/herb
CISC,Aster family,mountain slope thistle,Plantae,Magnoliophyta,Magnoliopsida,Asterales,Asteraceae,Cirsium,Cirsium scapanolepis,Perennial,Forb/herb
CISC3,Aster family,mountain thistle,Plantae,Magnoliophyta,Magnoliopsida,Asterales,Asteraceae,Cirsium,Cirsium scopulorum,Biennial,Forb/herb
CIUNT,Aster family,Tracy's thistle,Plantae,Magnoliophyta,Magnoliopsida,Asterales,Asteraceae,Cirsium,Cirsium undulatum var. tracyi,"Biennial, Perennial",Forb/herb
CIVE,Aster family,spring thistle,Plantae,Magnoliophyta,Magnoliopsida,Asterales,Asteraceae,Cirsium,Cirsium vernale,Perennial,Forb/herb
CIWH,Aster family,Wheeler's thistle,Plantae,Magnoliophyta,Magnoliopsida,Asterales,Asteraceae,Cirsium,Cirsium wheeleri,Perennial,Forb/herb
COCAG,Aster family,Canadian horseweed,Plantae,Magnoliophyta,Magnoliopsida,Asterales,Asteraceae,Conyza,Conyza canadensis var. glabrata,"Annual, Biennial",Forb/herb
COPA12,Aster family,southwestern cosmos,Plantae,Magnoliophyta,Magnoliopsida,Asterales,Asteraceae,Cosmos,Cosmos parviflorus,Annual,Forb/herb
CRAC2,Aster family,tapertip hawksbeard,Plantae,Magnoliophyta,Magnoliopsida,Asterales,Asteraceae,Crepis,Crepis acuminata,Perennial,Forb/herb
CRACA,Aster family,tapertip hawksbeard,Plantae,Magnoliophyta,Magnoliopsida,Asterales,Asteraceae,Crepis,Crepis acuminata ssp. acuminata,Perennial,Forb/herb
CRACP,Aster family,tapertip hawksbeard,Plantae,Magnoliophyta,Magnoliopsida,Asterales,Asteraceae,Crepis,Crepis acuminata ssp. pluriflora,Perennial,Forb/herb
CRNAC,Aster family,dwarf alpine hawksbeard,Plantae,Magnoliophyta,Magnoliopsida,Asterales,Asteraceae,Crepis,Crepis nana ssp. clivicola,Perennial,Forb/herb
DICA4,Aster family,desert twinbugs,Plantae,Magnoliophyta,Magnoliopsida,Asterales,Asteraceae,Dicoria,Dicoria canescens,Annual,Forb/herb
DICAB,Aster family,desert twinbugs,Plantae,Magnoliophyta,Magnoliopsida,Asterales,Asteraceae,Dicoria,Dicoria canescens ssp. brandegeei,Annual,Forb/herb
DICAW,Aster family,desert twinbugs,Plantae,Magnoliophyta,Magnoliopsida,Asterales,Asteraceae,Dicoria,Dicoria canescens ssp. wetherillii,Annual,Forb/herb
ENNU4,Aster family,nodding sunray,Plantae,Magnoliophyta,Magnoliopsida,Asterales,Asteraceae,Encelia,Encelia nutans,Perennial,Forb/herb
ENNU,Aster family,nakedstem sunray,Plantae,Magnoliophyta,Magnoliopsida,Asterales,Asteraceae,Enceliopsis,Enceliopsis nudicaulis,Perennial,"Forb/herb, Subshrub"
ENNUN,Aster family,nakedstem sunray,Plantae,Magnoliophyta,Magnoliopsida,Asterales,Asteraceae,Enceliopsis,Enceliopsis nudicaulis var. nudicaulis,Perennial,"Forb/herb, Subshrub"
ENPE4,Aster family,Engelmann's daisy,Plantae,Magnoliophyta,Magnoliopsida,Asterales,Asteraceae,Engelmannia,Engelmannia peristenia,Perennial,Forb/herb
ERDI14,Aster family,whitestem goldenbush,Plantae,Magnoliophyta,Magnoliopsida,Asterales,Asteraceae,Ericameria,Ericameria discoidea,Perennial,"Shrub, Subshrub"
ERDID,Aster family,whitestem goldenbush,Plantae,Magnoliophyta,Magnoliopsida,Asterales,Asteraceae,Ericameria,Ericameria discoidea var. discoidea,Perennial,"Shrub, Subshrub"
ERNAC2,Aster family,rubber rabbitbrush,Plantae,Magnoliophyta,Magnoliopsida,Asterales,Asteraceae,Ericameria,Ericameria nauseosa ssp. consimilis,Perennial,"Shrub, Subshrub"
ERNAJ,Aster family,rubber rabbitbrush,Plantae,Magnoliophyta,Magnoliopsida,Asterales,Asteraceae,Ericameria,Ericameria nauseosa ssp. consimilis var. juncea,Perennial,"Shrub, Subshrub"
ERNAL,Aster family,rubber rabbitbrush,Plantae,Magnoliophyta,Magnoliopsida,Asterales,Asteraceae,Ericameria,Ericameria nauseosa ssp. consimilis var. leiosperma,Perennial,"Shrub, Subshrub"
ERNAO,Aster family,rubber rabbitbrush,Plantae,Magnoliophyta,Magnoliopsida,Asterales,Asteraceae,Ericameria,Ericameria nauseosa ssp. consimilis var. oreophila,Perennial,"Shrub, Subshrub"
ERNAT,Aster family,rubber rabbitbrush,Plantae,Magnoliophyta,Magnoliopsida,Asterales,Asteraceae,Ericameria,Ericameria nauseosa ssp. consimilis var. turbinata,Perennial,"Shrub, Subshrub"
ERNAB2,Aster family,rubber rabbitbrush,Plantae,Magnoliophyta,Magnoliopsida,Asterales,Asteraceae,Ericameria,Ericameria nauseosa ssp. nauseosa var. bigelovii,Perennial,"Shrub, Subshrub"
ERNAH,Aster family,rubber rabbitbrush,Plantae,Magnoliophyta,Magnoliopsida,Asterales,Asteraceae,Ericameria,Ericameria nauseosa ssp. nauseosa var. hololeuca,Perennial,"Shrub, Subshrub"
ERNAN5,Aster family,rubber rabbitbrush,Plantae,Magnoliophyta,Magnoliopsida,Asterales,Asteraceae,Ericameria,Ericameria nauseosa ssp. nauseosa var. nauseosa,Perennial,"Shrub, Subshrub"
ERPA30,Aster family,Parry's rabbitbrush,Plantae,Magnoliophyta,Magnoliopsida,Asterales,Asteraceae,Ericameria,Ericameria parryi,Perennial,Shrub
ERPAA2,Aster family,Parry's rabbitbrush,Plantae,Magnoliophyta,Magnoliopsida,Asterales,Asteraceae,Ericameria,Ericameria parryi var. affinis,Perennial,Shrub
ERPAA4,Aster family,Parry's rabbitbrush,Plantae,Magnoliophyta,Magnoliopsida,Asterales,Asteraceae,Ericameria,Ericameria parryi var. attenuata,Perennial,Shrub
ERPAH,Aster family,Parry's rabbitbrush,Plantae,Magnoliophyta,Magnoliopsida,Asterales,Asteraceae,Ericameria,Ericameria parryi var. howardii,Perennial,Shrub
ERPAP10,Aster family,Parry's rabbitbrush,Plantae,Magnoliophyta,Magnoliopsida,Asterales,Asteraceae,Ericameria,Ericameria parryi var. parryi,Perennial,Shrub
ERACP2,Aster family,bitter fleabane,Plantae,Magnoliophyta,Magnoliopsida,Asterales,Asteraceae,Erigeron,Erigeron acris ssp. politus,"Annual, Biennial, Perennial",Forb/herb
ERAP,Aster family,rayless shaggy fleabane,Plantae,Magnoliophyta,Magnoliopsida,Asterales,Asteraceae,Erigeron,Erigeron aphanactis,"Biennial, Perennial",Forb/herb
ERAPA2,Aster family,rayless shaggy fleabane,Plantae,Magnoliophyta,Magnoliopsida,Asterales,Asteraceae,Erigeron,Erigeron aphanactis var. aphanactis,"Biennial, Perennial",Forb/herb
ERAR3,Aster family,silver fleabane,Plantae,Magnoliophyta,Magnoliopsida,Asterales,Asteraceae,Erigeron,Erigeron argentatus,Perennial,Forb/herb
ERBE2,Aster family,western daisy fleabane,Plantae,Magnoliophyta,Magnoliopsida,Asterales,Asteraceae,Erigeron,Erigeron bellidiastrum,Annual,Forb/herb
ERBEB,Aster family,western daisy fleabane,Plantae,Magnoliophyta,Magnoliopsida,Asterales,Asteraceae,Erigeron,Erigeron bellidiastrum var. bellidiastrum,Annual,Forb/herb
ERBER,Aster family,western daisy fleabane,Plantae,Magnoliophyta,Magnoliopsida,Asterales,Asteraceae,Erigeron,Erigeron bellidiastrum var. robustus,Annual,Forb/herb
ERCA4,Aster family,hoary fleabane,Plantae,Magnoliophyta,Magnoliopsida,Asterales,Asteraceae,Erigeron,Erigeron canus,Perennial,Forb/herb
ERCO28,Aster family,running fleabane,Plantae,Magnoliophyta,Magnoliopsida,Asterales,Asteraceae,Erigeron,Erigeron colomexicanus,Biennial,Forb/herb
ERCO27,Aster family,Navajo fleabane,Plantae,Magnoliophyta,Magnoliopsida,Asterales,Asteraceae,Erigeron,Erigeron concinnus,Perennial,"Forb/herb, Subshrub"
ERCOC3,Aster family,Navajo fleabane,Plantae,Magnoliophyta,Magnoliopsida,Asterales,Asteraceae,Erigeron,Erigeron concinnus var. concinnus,Perennial,"Forb/herb, Subshrub"
ERCOS,Aster family,Navajo fleabane,Plantae,Magnoliophyta,Magnoliopsida,Asterales,Asteraceae,Erigeron,Erigeron concinnus var. subglaber,Perennial,"Forb/herb, Subshrub"
ERCO15,Aster family,foothill fleabane,Plantae,Magnoliophyta,Magnoliopsida,Asterales,Asteraceae,Erigeron,Erigeron consimilis,Perennial,Forb/herb
ERCO6,Aster family,large mountain fleabane,Plantae,Magnoliophyta,Magnoliopsida,Asterales,Asteraceae,Erigeron,Erigeron coulteri,Perennial,Forb/herb
EREA,Aster family,Eaton's fleabane,Plantae,Magnoliophyta,Magnoliopsida,Asterales,Asteraceae,Erigeron,Erigeron eatonii,Perennial,Forb/herb
EREAE,Aster family,Eaton's fleabane,Plantae,Magnoliophyta,Magnoliopsida,Asterales,Asteraceae,Erigeron,Erigeron eatonii var. eatonii,Perennial,Forb/herb
EREL9,Aster family,tall fleabane,Plantae,Magnoliophyta,Magnoliopsida,Asterales,Asteraceae,Erigeron,Erigeron elatior,Perennial,Forb/herb
EREN,Aster family,Engelmann's fleabane,Plantae,Magnoliophyta,Magnoliopsida,Asterales,Asteraceae,Erigeron,Erigeron engelmannii,Perennial,Forb/herb
ERENE,Aster family,Engelmann's fleabane,Plantae,Magnoliophyta,Magnoliopsida,Asterales,Asteraceae,Erigeron,Erigeron engelmannii var. engelmannii,Perennial,Forb/herb
EREX4,Aster family,sprucefir fleabane,Plantae,Magnoliophyta,Magnoliopsida,Asterales,Asteraceae,Erigeron,Erigeron eximius,Perennial,"Forb/herb, Subshrub"
ERFO3,Aster family,beautiful fleabane,Plantae,Magnoliophyta,Magnoliopsida,Asterales,Asteraceae,Erigeron,Erigeron formosissimus,Perennial,Forb/herb
ERKA,Aster family,kachina fleabane,Plantae,Magnoliophyta,Magnoliopsida,Asterales,Asteraceae,Erigeron,Erigeron kachinensis,Perennial,Forb/herb
ERLE6,Aster family,rockslide yellow fleabane,Plantae,Magnoliophyta,Magnoliopsida,Asterales,Asteraceae,Erigeron,Erigeron leiomerus,Perennial,Forb/herb
ERME2,Aster family,blackhead fleabane,Plantae,Magnoliophyta,Magnoliopsida,Asterales,Asteraceae,Erigeron,Erigeron melanocephalus,Perennial,Forb/herb
ERNE2,Aster family,needleleaf fleabane,Plantae,Magnoliophyta,Magnoliopsida,Asterales,Asteraceae,Erigeron,Erigeron nematophyllus,Perennial,Forb/herb
ERPI6,Aster family,featherleaf fleabane,Plantae,Magnoliophyta,Magnoliopsida,Asterales,Asteraceae,Erigeron,Erigeron pinnatisectus,Perennial,Forb/herb
ERPU9,Aster family,basin fleabane,Plantae,Magnoliophyta,Magnoliopsida,Asterales,Asteraceae,Erigeron,Erigeron pulcherrimus,Perennial,Forb/herb
ERSI3,Aster family,onestem fleabane,Plantae,Magnoliophyta,Magnoliopsida,Asterales,Asteraceae,Erigeron,Erigeron simplex,Perennial,"Forb/herb, Subshrub"
ERSU2,Aster family,threenerve fleabane,Plantae,Magnoliophyta,Magnoliopsida,Asterales,Asteraceae,Erigeron,Erigeron subtrinervis,Perennial,Forb/herb
ERSUS,Aster family,threenerve fleabane,Plantae,Magnoliophyta,Magnoliopsida,Asterales,Asteraceae,Erigeron,Erigeron subtrinervis var. subtrinervis,Perennial,Forb/herb
ERUI,Aster family,Uinta fleabane,Plantae,Magnoliophyta,Magnoliopsida,Asterales,Asteraceae,Erigeron,Erigeron uintahensis,Perennial,Forb/herb
ERUR2,Aster family,Bear River fleabane,Plantae,Magnoliophyta,Magnoliopsida,Asterales,Asteraceae,Erigeron,Erigeron ursinus,Perennial,Forb/herb
ERUT,Aster family,Utah fleabane,Plantae,Magnoliophyta,Magnoliopsida,Asterales,Asteraceae,Erigeron,Erigeron utahensis,Perennial,"Forb/herb, Subshrub"
ERUTS,Aster family,Utah fleabane,Plantae,Magnoliophyta,Magnoliopsida,Asterales,Asteraceae,Erigeron,Erigeron utahensis var. sparsifolius,Perennial,"Forb/herb, Subshrub"
ERUTU,Aster family,Utah fleabane,Plantae,Magnoliophyta,Magnoliopsida,Asterales,Asteraceae,Erigeron,Erigeron utahensis var. utahensis,Perennial,"Forb/herb, Subshrub"
ERVA3,Aster family,rambling fleabane,Plantae,Magnoliophyta,Magnoliopsida,Asterales,Asteraceae,Erigeron,Erigeron vagus,Perennial,Forb/herb
ERVE2,Aster family,early bluetop fleabane,Plantae,Magnoliophyta,Magnoliopsida,Asterales,Asteraceae,Erigeron,Erigeron vetensis,Perennial,Forb/herb
ERVR,Aster family,Vreeland's erigeron,Plantae,Magnoliophyta,Magnoliopsida,Asterales,Asteraceae,Erigeron,Erigeron vreelandii,Perennial,Forb/herb
ERWI2,Aster family,Dieter's erigeron,Plantae,Magnoliophyta,Magnoliopsida,Asterales,Asteraceae,Erigeron,Erigeron wilkenii,Perennial,Forb/herb
EUEL2,Aster family,elegant aster,Plantae,Magnoliophyta,Magnoliopsida,Asterales,Asteraceae,Eucephalus,Eucephalus elegans,Perennial,Forb/herb
EUGL19,Aster family,gray aster,Plantae,Magnoliophyta,Magnoliopsida,Asterales,Asteraceae,Eurybia,Eurybia glauca,Perennial,Forb/herb
EUGLG2,Aster family,gray aster,Plantae,Magnoliophyta,Magnoliopsida,Asterales,Asteraceae,Eurybia,Eurybia glauca var. glauca,Perennial,Forb/herb
EUHO4,Aster family,horrid herrickia,Plantae,Magnoliophyta,Magnoliopsida,Asterales,Asteraceae,Eurybia,Eurybia horrida,Perennial,Forb/herb
EVPR,Aster family,bighead pygmycudweed,Plantae,Magnoliophyta,Magnoliopsida,Asterales,Asteraceae,Evax,Evax prolifera,Annual,Forb/herb
FLCA,Aster family,alkali yellowtops,Plantae,Magnoliophyta,Magnoliopsida,Asterales,Asteraceae,Flaveria,Flaveria campestris,Annual,Forb/herb
GAPI,Aster family,red dome blanketflower,Plantae,Magnoliophyta,Magnoliopsida,Asterales,Asteraceae,Gaillardia,Gaillardia pinnatifida,Perennial,"Forb/herb, Subshrub"
GAPIP2,Aster family,red dome blanketflower,Plantae,Magnoliophyta,Magnoliopsida,Asterales,Asteraceae,Gaillardia,Gaillardia pinnatifida var. pinnatifida,Perennial,"Forb/herb, Subshrub"
GASP,Aster family,western blanketflower,Plantae,Magnoliophyta,Magnoliopsida,Asterales,Asteraceae,Gaillardia,Gaillardia spathulata,Perennial,Forb/herb
GNEX,Aster family,slender cudweed,Plantae,Magnoliophyta,Magnoliopsida,Asterales,Asteraceae,Gnaphalium,Gnaphalium exilifolium,Annual,Forb/herb
GRAC,Aster family,sharpleaf gumweed,Plantae,Magnoliophyta,Magnoliopsida,Asterales,Asteraceae,Grindelia,Grindelia acutifolia,Perennial,Forb/herb
GRAR2,Aster family,Arizona gumweed,Plantae,Magnoliophyta,Magnoliopsida,Asterales,Asteraceae,Grindelia,Grindelia arizonica,Perennial,Forb/herb
GRARS,Aster family,Arizona gumweed,Plantae,Magnoliophyta,Magnoliopsida,Asterales,Asteraceae,Grindelia,Grindelia arizonica var. stenophylla,Perennial,Forb/herb
GRDE,Aster family,reclined gumweed,Plantae,Magnoliophyta,Magnoliopsida,Asterales,Asteraceae,Grindelia,Grindelia decumbens,Perennial,Forb/herb
GRDED,Aster family,reclined gumweed,Plantae,Magnoliophyta,Magnoliopsida,Asterales,Asteraceae,Grindelia,Grindelia decumbens var. decumbens,Perennial,Forb/herb
GRDES,Aster family,reclined gumweed,Plantae,Magnoliophyta,Magnoliopsida,Asterales,Asteraceae,Grindelia,Grindelia decumbens var. subincisa,Perennial,Forb/herb
GRFA,Aster family,pointed gumweed,Plantae,Magnoliophyta,Magnoliopsida,Asterales,Asteraceae,Grindelia,Grindelia fastigiata,Perennial,Forb/herb
GRIN2,Aster family,Colorado gumweed,Plantae,Magnoliophyta,Magnoliopsida,Asterales,Asteraceae,Grindelia,Grindelia inornata,Perennial,Forb/herb
GRINA,Aster family,Colorado gumweed,Plantae,Magnoliophyta,Magnoliopsida,Asterales,Asteraceae,Grindelia,Grindelia inornata var. angusta,Perennial,Forb/herb
GRINI,Aster family,Colorado gumweed,Plantae,Magnoliophyta,Magnoliopsida,Asterales,Asteraceae,Grindelia,Grindelia inornata var. inornata,Perennial,Forb/herb
GRNU,Aster family,curlytop gumweed,Plantae,Magnoliophyta,Magnoliopsida,Asterales,Asteraceae,Grindelia,Grindelia nuda,"Annual, Biennial, Perennial",Forb/herb
GRNUA,Aster family,curlytop gumweed,Plantae,Magnoliophyta,Magnoliopsida,Asterales,Asteraceae,Grindelia,Grindelia nuda var. aphanactis,"Annual, Biennial, Perennial",Forb/herb
GRNUN,Aster family,curlytop gumweed,Plantae,Magnoliophyta,Magnoliopsida,Asterales,Asteraceae,Grindelia,Grindelia nuda var. nuda,"Annual, Biennial, Perennial",Forb/herb
GRPA8,Aster family,Spanish gold,Plantae,Magnoliophyta,Magnoliopsida,Asterales,Asteraceae,Grindelia,Grindelia papposa,"Annual, Biennial",Forb/herb
GRRE,Aster family,rolled gumweed,Plantae,Magnoliophyta,Magnoliopsida,Asterales,Asteraceae,Grindelia,Grindelia revoluta,"Annual, Biennial",Forb/herb
GRSU,Aster family,subalpine gumweed,Plantae,Magnoliophyta,Magnoliopsida,Asterales,Asteraceae,Grindelia,Grindelia subalpina,Biennial,Forb/herb
GRSUE,Aster family,subalpine gumweed,Plantae,Magnoliophyta,Magnoliopsida,Asterales,Asteraceae,Grindelia,Grindelia subalpina var. erecta,Biennial,Forb/herb
GRSUS,Aster family,subalpine gumweed,Plantae,Magnoliophyta,Magnoliopsida,Asterales,Asteraceae,Grindelia,Grindelia subalpina var. subalpina,Biennial,Forb/herb
GUEL2,Aster family,Lone Mesa snakeweed,Plantae,Magnoliophyta,Magnoliopsida,Asterales,Asteraceae,Gutierrezia,Gutierrezia elegans,Perennial,Subshrub
GUMI,Aster family,threadleaf snakeweed,Plantae,Magnoliophyta,Magnoliopsida,Asterales,Asteraceae,Gutierrezia,Gutierrezia microcephala,Perennial,"Shrub, Subshrub"
HAGR4,Aster family,false broomweed,Plantae,Magnoliophyta,Magnoliopsida,Asterales,Asteraceae,Haploesthes,Haploesthes greggii,Perennial,"Forb/herb, Shrub, Subshrub"
HAGRT,Aster family,Texas false broomweed,Plantae,Magnoliophyta,Magnoliopsida,Asterales,Asteraceae,Haploesthes,Haploesthes greggii var. texana,Perennial,"Forb/herb, Shrub, Subshrub"
HEMI,Aster family,smallhead sneezeweed,Plantae,Magnoliophyta,Magnoliopsida,Asterales,Asteraceae,Helenium,Helenium microcephalum,Annual,Forb/herb
HEMIM,Aster family,smallhead sneezeweed,Plantae,Magnoliophyta,Magnoliopsida,Asterales,Asteraceae,Helenium,Helenium microcephalum var. microcephalum,Annual,Forb/herb
HEMI2,Aster family,purpledisk helianthella,Plantae,Magnoliophyta,Magnoliopsida,Asterales,Asteraceae,Helianthella,Helianthella microcephala,Perennial,Forb/herb
HEPA,Aster family,Parry's dwarf-sunflower,Plantae,Magnoliophyta,Magnoliopsida,Asterales,Asteraceae,Helianthella,Helianthella parryi,Perennial,Forb/herb
HEQU2,Aster family,fivenerve helianthella,Plantae,Magnoliophyta,Magnoliopsida,Asterales,Asteraceae,Helianthella,Helianthella quinquenervis,Perennial,Forb/herb
HEUNU,Aster family,oneflower helianthella,Plantae,Magnoliophyta,Magnoliopsida,Asterales,Asteraceae,Helianthella,Helianthella uniflora var. uniflora,Perennial,Forb/herb
HEOR,Aster family,sunflower,Plantae,Magnoliophyta,Magnoliopsida,Asterales,Asteraceae,Helianthus,Helianthus Ã—orgyaloides,Perennial,Forb/herb
HECI,Aster family,Texas blueweed,Plantae,Magnoliophyta,Magnoliopsida,Asterales,Asteraceae,Helianthus,Helianthus ciliaris,Perennial,Forb/herb
HEPEF,Aster family,prairie sunflower,Plantae,Magnoliophyta,Magnoliopsida,Asterales,Asteraceae,Helianthus,Helianthus petiolaris ssp. fallax,Annual,Forb/herb
HEPU3,Aster family,little sunflower,Plantae,Magnoliophyta,Magnoliopsida,Asterales,Asteraceae,Helianthus,Helianthus pumilus,Perennial,Forb/herb
HEMU3,Aster family,showy goldeneye,Plantae,Magnoliophyta,Magnoliopsida,Asterales,Asteraceae,Heliomeris,Heliomeris multiflora,Perennial,"Forb/herb, Subshrub"
HEMUM,Aster family,showy goldeneye,Plantae,Magnoliophyta,Magnoliopsida,Asterales,Asteraceae,Heliomeris,Heliomeris multiflora var. multiflora,Perennial,"Forb/herb, Subshrub"
HEMUN,Aster family,Nevada goldeneye,Plantae,Magnoliophyta,Magnoliopsida,Asterales,Asteraceae,Heliomeris,Heliomeris multiflora var. nevadensis,Perennial,Forb/herb
HEHEO,Aster family,smooth oxeye,Plantae,Magnoliophyta,Magnoliopsida,Asterales,Asteraceae,Heliopsis,Heliopsis helianthoides var. occidentalis,Perennial,Forb/herb
HEPI2,Aster family,wingpetal,Plantae,Magnoliophyta,Magnoliopsida,Asterales,Asteraceae,Heterosperma,Heterosperma pinnatum,Annual,Forb/herb
HEFU3,Aster family,rockyscree false goldenaster,Plantae,Magnoliophyta,Magnoliopsida,Asterales,Asteraceae,Heterotheca,Heterotheca fulcrata,Perennial,"Forb/herb, Subshrub"
HEFUA2,Aster family,rockyscree false goldenaster,Plantae,Magnoliophyta,Magnoliopsida,Asterales,Asteraceae,Heterotheca,Heterotheca fulcrata var. amplifolia,Perennial,Forb/herb
HEFUF,Aster family,rockyscree false goldenaster,Plantae,Magnoliophyta,Magnoliopsida,Asterales,Asteraceae,Heterotheca,Heterotheca fulcrata var. fulcrata,Perennial,"Forb/herb, Subshrub"
HEPU14,Aster family,alpine false goldenaster,Plantae,Magnoliophyta,Magnoliopsida,Asterales,Asteraceae,Heterotheca,Heterotheca pumila,Perennial,Forb/herb
HEST3,Aster family,stiffleaf false goldenaster,Plantae,Magnoliophyta,Magnoliopsida,Asterales,Asteraceae,Heterotheca,Heterotheca stenophylla,Perennial,"Forb/herb, Subshrub"
HESTA,Aster family,stiffleaf false goldenaster,Plantae,Magnoliophyta,Magnoliopsida,Asterales,Asteraceae,Heterotheca,Heterotheca stenophylla var. angustifolia,Perennial,"Forb/herb, Subshrub"
HESTS,Aster family,stiffleaf false goldenaster,Plantae,Magnoliophyta,Magnoliopsida,Asterales,Asteraceae,Heterotheca,Heterotheca stenophylla var. stenophylla,Perennial,"Forb/herb, Subshrub"
HESU3,Aster family,camphorweed,Plantae,Magnoliophyta,Magnoliopsida,Asterales,Asteraceae,Heterotheca,Heterotheca subaxillaris,Annual,Forb/herb
HEVIN,Aster family,hairy false goldenaster,Plantae,Magnoliophyta,Magnoliopsida,Asterales,Asteraceae,Heterotheca,Heterotheca villosa var. nana,Perennial,"Forb/herb, Subshrub"
HEVIP,Aster family,hairy false goldenaster,Plantae,Magnoliophyta,Magnoliopsida,Asterales,Asteraceae,Heterotheca,Heterotheca villosa var. pedunculata,Perennial,Forb/herb
HEVIS,Aster family,hairy false goldenaster,Plantae,Magnoliophyta,Magnoliopsida,Asterales,Asteraceae,Heterotheca,Heterotheca villosa var. scabra,Perennial,"Forb/herb, Subshrub"
HEZI,Aster family,Zion false goldenaster,Plantae,Magnoliophyta,Magnoliopsida,Asterales,Asteraceae,Heterotheca,Heterotheca zionensis,Perennial,Forb/herb
HIFE,Aster family,yellow hawkweed,Plantae,Magnoliophyta,Magnoliopsida,Asterales,Asteraceae,Hieracium,Hieracium fendleri,Perennial,Forb/herb
HIFEF,Aster family,yellow hawkweed,Plantae,Magnoliophyta,Magnoliopsida,Asterales,Asteraceae,Hieracium,Hieracium fendleri var. fendleri,Perennial,Forb/herb
HIGR,Aster family,slender hawkweed,Plantae,Magnoliophyta,Magnoliopsida,Asterales,Asteraceae,Hieracium,Hieracium gracile,Perennial,Forb/herb
HIGRD,Aster family,low alpine hawkweed,Plantae,Magnoliophyta,Magnoliopsida,Asterales,Asteraceae,Hieracium,Hieracium gracile var. detonsum,Perennial,Forb/herb
HIGRG,Aster family,slender hawkweed,Plantae,Magnoliophyta,Magnoliopsida,Asterales,Asteraceae,Hieracium,Hieracium gracile var. gracile,Perennial,Forb/herb
HYFIC,Aster family,fineleaf hymenopappus,Plantae,Magnoliophyta,Magnoliopsida,Asterales,Asteraceae,Hymenopappus,Hymenopappus filifolius var. cinereus,Perennial,"Forb/herb, Subshrub"
HYFIL,Aster family,fineleaf hymenopappus,Plantae,Magnoliophyta,Magnoliopsida,Asterales,Asteraceae,Hymenopappus,Hymenopappus filifolius var. lugens,Perennial,"Forb/herb, Subshrub"
HYFIL2,Aster family,fineleaf hymenopappus,Plantae,Magnoliophyta,Magnoliopsida,Asterales,Asteraceae,Hymenopappus,Hymenopappus filifolius var. luteus,Perennial,"Forb/herb, Subshrub"
HYFIM,Aster family,fineleaf hymenopappus,Plantae,Magnoliophyta,Magnoliopsida,Asterales,Asteraceae,Hymenopappus,Hymenopappus filifolius var. megacephalus,Perennial,"Forb/herb, Subshrub"
HYFIP2,Aster family,fineleaf hymenopappus,Plantae,Magnoliophyta,Magnoliopsida,Asterales,Asteraceae,Hymenopappus,Hymenopappus filifolius var. parvulus,Perennial,"Forb/herb, Subshrub"
HYFIP,Aster family,fineleaf hymenopappus,Plantae,Magnoliophyta,Magnoliopsida,Asterales,Asteraceae,Hymenopappus,Hymenopappus filifolius var. pauciflorus,Perennial,"Forb/herb, Subshrub"
HYFL,Aster family,collegeflower,Plantae,Magnoliophyta,Magnoliopsida,Asterales,Asteraceae,Hymenopappus,Hymenopappus flavescens,Biennial,Forb/herb
HYFLF,Aster family,collegeflower,Plantae,Magnoliophyta,Magnoliopsida,Asterales,Asteraceae,Hymenopappus,Hymenopappus flavescens var. flavescens,Biennial,Forb/herb
HYNE,Aster family,Newberry's hymenopappus,Plantae,Magnoliophyta,Magnoliopsida,Asterales,Asteraceae,Hymenopappus,Hymenopappus newberryi,Perennial,Forb/herb
HYTE2,Aster family,Chalk Hill hymenopappus,Plantae,Magnoliophyta,Magnoliopsida,Asterales,Asteraceae,Hymenopappus,Hymenopappus tenuifolius,Biennial,Forb/herb
HYHE,Aster family,Intermountain rubberweed,Plantae,Magnoliophyta,Magnoliopsida,Asterales,Asteraceae,Hymenoxys,Hymenoxys helenioides,Perennial,"Forb/herb, Subshrub"
HYHO,Aster family,owl's-claws,Plantae,Magnoliophyta,Magnoliopsida,Asterales,Asteraceae,Hymenoxys,Hymenoxys hoopesii,Perennial,Forb/herb
HYOD,Aster family,bitter rubberweed,Plantae,Magnoliophyta,Magnoliopsida,Asterales,Asteraceae,Hymenoxys,Hymenoxys odorata,Annual,Forb/herb
HYRIF,Aster family,Colorado rubberweed,Plantae,Magnoliophyta,Magnoliopsida,Asterales,Asteraceae,Hymenoxys,Hymenoxys richardsonii var. floribunda,Perennial,"Forb/herb, Subshrub"
ISPL,Aster family,southern goldenbush,Plantae,Magnoliophyta,Magnoliopsida,Asterales,Asteraceae,Isocoma,Isocoma pluriflora,Perennial,"Forb/herb, Subshrub"
ISRU2,Aster family,Rusby's goldenbush,Plantae,Magnoliophyta,Magnoliopsida,Asterales,Asteraceae,Isocoma,Isocoma rusbyi,Perennial,Subshrub
IVAN2,Aster family,annual marsh elder,Plantae,Magnoliophyta,Magnoliopsida,Asterales,Asteraceae,Iva,Iva annua,Annual,Forb/herb
IVANA,Aster family,annual marsh elder,Plantae,Magnoliophyta,Magnoliopsida,Asterales,Asteraceae,Iva,Iva annua var. annua,Annual,Forb/herb
LAGR,Aster family,grassleaf lettuce,Plantae,Magnoliophyta,Magnoliopsida,Asterales,Asteraceae,Lactuca,Lactuca graminifolia,"Biennial, Perennial",Forb/herb
LAGRA,Aster family,grassleaf lettuce,Plantae,Magnoliophyta,Magnoliopsida,Asterales,Asteraceae,Lactuca,Lactuca graminifolia var. arizonica,"Biennial, Perennial",Forb/herb
LACO13,Aster family,Coulter's horseweed,Plantae,Magnoliophyta,Magnoliopsida,Asterales,Asteraceae,Laennecia,Laennecia coulteri,Annual,Forb/herb
LASC3,Aster family,pineland horseweed,Plantae,Magnoliophyta,Magnoliopsida,Asterales,Asteraceae,Laennecia,Laennecia schiedeana,Annual,Forb/herb
LILA,Aster family,lanceleaf blazing star,Plantae,Magnoliophyta,Magnoliopsida,Asterales,Asteraceae,Liatris,Liatris lancifolia,Perennial,Forb/herb
LISQ,Aster family,scaly blazing star,Plantae,Magnoliophyta,Magnoliopsida,Asterales,Asteraceae,Liatris,Liatris squarrosa,Perennial,Forb/herb
LISQG,Aster family,scaly blazing star,Plantae,Magnoliophyta,Magnoliopsida,Asterales,Asteraceae,Liatris,Liatris squarrosa var. glabrata,Perennial,Forb/herb
LYAR2,Aster family,Arizona skeletonplant,Plantae,Magnoliophyta,Magnoliopsida,Asterales,Asteraceae,Lygodesmia,Lygodesmia arizonica,Perennial,Forb/herb
LYDO,Aster family,Dolores River skeletonplant,Plantae,Magnoliophyta,Magnoliopsida,Asterales,Asteraceae,Lygodesmia,Lygodesmia doloresensis,Perennial,Forb/herb
LYGR,Aster family,largeflower skeletonplant,Plantae,Magnoliophyta,Magnoliopsida,Asterales,Asteraceae,Lygodesmia,Lygodesmia grandiflora,Perennial,Forb/herb
MABI,Aster family,Bigelow's tansyaster,Plantae,Magnoliophyta,Magnoliopsida,Asterales,Asteraceae,Machaeranthera,Machaeranthera bigelovii,"Biennial, Perennial",Forb/herb
MABIB,Aster family,Bigelow's tansyaster,Plantae,Magnoliophyta,Magnoliopsida,Asterales,Asteraceae,Machaeranthera,Machaeranthera bigelovii var. bigelovii,"Biennial, Perennial",Forb/herb
MABIC,Aster family,Bigelow's tansyaster,Plantae,Magnoliophyta,Magnoliopsida,Asterales,Asteraceae,Machaeranthera,Machaeranthera bigelovii var. commixta,Perennial,Forb/herb
MACAA,Aster family,hoary tansyaster,Plantae,Magnoliophyta,Magnoliopsida,Asterales,Asteraceae,Machaeranthera,Machaeranthera canescens ssp. canescens var. ambigua,"Annual, Biennial, Perennial",Forb/herb
MACAG,Aster family,hoary tansyaster,Plantae,Magnoliophyta,Magnoliopsida,Asterales,Asteraceae,Machaeranthera,Machaeranthera canescens ssp. glabra,"Annual, Biennial, Perennial",Forb/herb
MACAA2,Aster family,hoary tansyaster,Plantae,Magnoliophyta,Magnoliopsida,Asterales,Asteraceae,Machaeranthera,Machaeranthera canescens ssp. glabra var. aristata,"Annual, Biennial, Perennial",Forb/herb
MACAG2,Aster family,hoary tansyaster,Plantae,Magnoliophyta,Magnoliopsida,Asterales,Asteraceae,Machaeranthera,Machaeranthera canescens ssp. glabra var. glabra,"Annual, Biennial, Perennial",Forb/herb
MACO13,Aster family,Colorado tansyaster,Plantae,Magnoliophyta,Magnoliopsida,Asterales,Asteraceae,Machaeranthera,Machaeranthera coloradoensis,Perennial,"Forb/herb, Subshrub"
MACOB,Aster family,Brandegee's tansyaster,Plantae,Magnoliophyta,Magnoliopsida,Asterales,Asteraceae,Machaeranthera,Machaeranthera coloradoensis var. brandegeei,Perennial,"Forb/herb, Subshrub"
MACOC,Aster family,Colorado tansyaster,Plantae,Magnoliophyta,Magnoliopsida,Asterales,Asteraceae,Machaeranthera,Machaeranthera coloradoensis var. coloradoensis,Perennial,"Forb/herb, Subshrub"
MAGR10,Aster family,slender goldenweed,Plantae,Magnoliophyta,Magnoliopsida,Asterales,Asteraceae,Machaeranthera,Machaeranthera gracilis,Annual,Forb/herb
MAPA,Aster family,smallflower tansyaster,Plantae,Magnoliophyta,Magnoliopsida,Asterales,Asteraceae,Machaeranthera,Machaeranthera parviflora,Annual,Forb/herb
MAPIG,Aster family,Goodding's tansyaster,Plantae,Magnoliophyta,Magnoliopsida,Asterales,Asteraceae,Machaeranthera,Machaeranthera pinnatifida ssp. gooddingii,Perennial,"Forb/herb, Subshrub"
MAPIP3,Aster family,Goodding's tansyaster,Plantae,Magnoliophyta,Magnoliopsida,Asterales,Asteraceae,Machaeranthera,Machaeranthera pinnatifida ssp. gooddingii var. paradoxa,Perennial,"Forb/herb, Subshrub"
MAPIG3,Aster family,lacy tansyaster,Plantae,Magnoliophyta,Magnoliopsida,Asterales,Asteraceae,Machaeranthera,Machaeranthera pinnatifida ssp. pinnatifida var. glaberrima,Perennial,"Forb/herb, Subshrub"
MASO,Aster family,sowthistle desertdandelion,Plantae,Magnoliophyta,Magnoliopsida,Asterales,Asteraceae,Malacothrix,Malacothrix sonchoides,Annual,Forb/herb
MATO2,Aster family,Torrey's desertdandelion,Plantae,Magnoliophyta,Magnoliopsida,Asterales,Asteraceae,Malacothrix,Malacothrix torreyi,Annual,Forb/herb
MELE2,Aster family,plains blackfoot,Plantae,Magnoliophyta,Magnoliopsida,Asterales,Asteraceae,Melampodium,Melampodium leucanthum,Perennial,"Forb/herb, Subshrub"
OOEN,Aster family,Engelmann's false goldenweed,Plantae,Magnoliophyta,Magnoliopsida,Asterales,Asteraceae,Oonopsis,Oonopsis engelmannii,Perennial,"Forb/herb, Subshrub"
OOFO,Aster family,leafy false goldenweed,Plantae,Magnoliophyta,Magnoliopsida,Asterales,Asteraceae,Oonopsis,Oonopsis foliosa,Perennial,"Forb/herb, Subshrub"
OOFOF,Aster family,leafy false goldenweed,Plantae,Magnoliophyta,Magnoliopsida,Asterales,Asteraceae,Oonopsis,Oonopsis foliosa var. foliosa,Perennial,"Forb/herb, Subshrub"
OOFOM,Aster family,Raven Ridge false goldenweed,Plantae,Magnoliophyta,Magnoliopsida,Asterales,Asteraceae,Oonopsis,Oonopsis foliosa var. monocephala,Perennial,"Forb/herb, Subshrub"
ORPA3,Aster family,Parry's goldenrod,Plantae,Magnoliophyta,Magnoliopsida,Asterales,Asteraceae,Oreochrysum,Oreochrysum parryi,Perennial,Forb/herb
OXAC4,Aster family,copperweed,Plantae,Magnoliophyta,Magnoliopsida,Asterales,Asteraceae,Oxytenia,Oxytenia acerosa,Perennial,"Forb/herb, Shrub, Subshrub"
PACR5,Aster family,saffron ragwort,Plantae,Magnoliophyta,Magnoliopsida,Asterales,Asteraceae,Packera,Packera crocata,Perennial,Forb/herb
PADE22,Aster family,weak groundsel,Plantae,Magnoliophyta,Magnoliopsida,Asterales,Asteraceae,Packera,Packera debilis,Perennial,Forb/herb
PADI11,Aster family,splitleaf groundsel,Plantae,Magnoliophyta,Magnoliopsida,Asterales,Asteraceae,Packera,Packera dimorphophylla,Perennial,Forb/herb
PADID3,Aster family,splitleaf groundsel,Plantae,Magnoliophyta,Magnoliopsida,Asterales,Asteraceae,Packera,Packera dimorphophylla var. dimorphophylla,Perennial,Forb/herb
PADII4,Aster family,splitleaf groundsel,Plantae,Magnoliophyta,Magnoliopsida,Asterales,Asteraceae,Packera,Packera dimorphophylla var. intermedia,Perennial,Forb/herb
PAFE4,Aster family,Fendler's ragwort,Plantae,Magnoliophyta,Magnoliopsida,Asterales,Asteraceae,Packera,Packera fendleri,Perennial,Forb/herb
PAMA2,Aster family,Mancos Shale Packera,Plantae,Magnoliophyta,Magnoliopsida,Asterales,Asteraceae,Packera,Packera mancosana,Perennial,Forb/herb
PAMU11,Aster family,lobeleaf groundsel,Plantae,Magnoliophyta,Magnoliopsida,Asterales,Asteraceae,Packera,Packera multilobata,"Annual, Perennial",Forb/herb
PANE7,Aster family,New Mexico groundsel,Plantae,Magnoliophyta,Magnoliopsida,Asterales,Asteraceae,Packera,Packera neomexicana,Perennial,"Forb/herb, Subshrub"
PANEM,Aster family,New Mexico groundsel,Plantae,Magnoliophyta,Magnoliopsida,Asterales,Asteraceae,Packera,Packera neomexicana var. mutabilis,Perennial,"Forb/herb, Subshrub"
PAPO12,Aster family,Porter's groundsel,Plantae,Magnoliophyta,Magnoliopsida,Asterales,Asteraceae,Packera,Packera porteri,Perennial,"Forb/herb, Subshrub"
PAPSF,Aster family,falsegold groundsel,Plantae,Magnoliophyta,Magnoliopsida,Asterales,Asteraceae,Packera,Packera pseudaurea var. flavula,Perennial,Forb/herb
PAWE4,Aster family,hoary groundsel,Plantae,Magnoliophyta,Magnoliopsida,Asterales,Asteraceae,Packera,Packera werneriifolia,Perennial,Forb/herb
PARO,Aster family,rosy palafox,Plantae,Magnoliophyta,Magnoliopsida,Asterales,Asteraceae,Palafoxia,Palafoxia rosea,Annual,Forb/herb
PAROM,Aster family,rosy palafox,Plantae,Magnoliophyta,Magnoliopsida,Asterales,Asteraceae,Palafoxia,Palafoxia rosea var. macrolepis,Annual,Forb/herb
PASP,Aster family,othake,Plantae,Magnoliophyta,Magnoliopsida,Asterales,Asteraceae,Palafoxia,Palafoxia sphacelata,Annual,Forb/herb
PAAL6,Aster family,alpine feverfew,Plantae,Magnoliophyta,Magnoliopsida,Asterales,Asteraceae,Parthenium,Parthenium alpinum,Perennial,Forb/herb
PALI6,Aster family,Colorado feverfew,Plantae,Magnoliophyta,Magnoliopsida,Asterales,Asteraceae,Parthenium,Parthenium ligulatum,Perennial,Forb/herb
PATE12,Aster family,Arkansas River feverfew,Plantae,Magnoliophyta,Magnoliopsida,Asterales,Asteraceae,Parthenium,Parthenium tetraneuris,Perennial,Forb/herb
PEAN,Aster family,lemonscent,Plantae,Magnoliophyta,Magnoliopsida,Asterales,Asteraceae,Pectis,Pectis angustifolia,Annual,Forb/herb
PEANA,Aster family,narrowleaf pectis,Plantae,Magnoliophyta,Magnoliopsida,Asterales,Asteraceae,Pectis,Pectis angustifolia var. angustifolia,Annual,Forb/herb
PECA10,Aster family,mountain tail-leaf,Plantae,Magnoliophyta,Magnoliopsida,Asterales,Asteraceae,Pericome,Pericome caudata,Perennial,"Forb/herb, Subshrub"
PEPU7,Aster family,rock goldenrod,Plantae,Magnoliophyta,Magnoliopsida,Asterales,Asteraceae,Petradoria,Petradoria pumila,Perennial,"Forb/herb, Subshrub"
PEPUP,Aster family,rock goldenrod,Plantae,Magnoliophyta,Magnoliopsida,Asterales,Asteraceae,Petradoria,Petradoria pumila ssp. pumila,Perennial,"Forb/herb, Subshrub"
PIWO,Aster family,Woodhouse's bahia,Plantae,Magnoliophyta,Magnoliopsida,Asterales,Asteraceae,Picradeniopsis,Picradeniopsis woodhousei,Perennial,"Forb/herb, Subshrub"
PIDE4,Aster family,bud sagebrush,Plantae,Magnoliophyta,Magnoliopsida,Asterales,Asteraceae,Picrothamnus,Picrothamnus desertorum,Perennial,"Shrub, Subshrub"
PLIN7,Aster family,basindaisy,Plantae,Magnoliophyta,Magnoliopsida,Asterales,Asteraceae,Platyschkuhria,Platyschkuhria integrifolia,Perennial,"Forb/herb, Subshrub"
PLIND,Aster family,desert basindaisy,Plantae,Magnoliophyta,Magnoliopsida,Asterales,Asteraceae,Platyschkuhria,Platyschkuhria integrifolia var. desertorum,Perennial,"Forb/herb, Subshrub"
PLINO,Aster family,oblongleaf basindaisy,Plantae,Magnoliophyta,Magnoliopsida,Asterales,Asteraceae,Platyschkuhria,Platyschkuhria integrifolia var. oblongifolia,Perennial,"Forb/herb, Subshrub"
PREX,Aster family,brightwhite,Plantae,Magnoliophyta,Magnoliopsida,Asterales,Asteraceae,Prenanthella,Prenanthella exigua,Perennial,Forb/herb
PSCAC2,Aster family,Wright's cudweed,Plantae,Magnoliophyta,Magnoliopsida,Asterales,Asteraceae,Pseudognaphalium,Pseudognaphalium canescens ssp. canescens,"Annual, Biennial, Perennial",Forb/herb
PSJA4,Aster family,Jalisco rabbit-tobacco,Plantae,Magnoliophyta,Magnoliopsida,Asterales,Asteraceae,Pseudognaphalium,Pseudognaphalium jaliscense,Perennial,Forb/herb
PSBA2,Aster family,Baker's paperflower,Plantae,Magnoliophyta,Magnoliopsida,Asterales,Asteraceae,Psilostrophe,Psilostrophe bakeri,Perennial,"Forb/herb, Subshrub"
PSTA,Aster family,woolly paperflower,Plantae,Magnoliophyta,Magnoliopsida,Asterales,Asteraceae,Psilostrophe,Psilostrophe tagetina,"Biennial, Perennial","Forb/herb, Subshrub"
PSTAT,Aster family,woolly paperflower,Plantae,Magnoliophyta,Magnoliopsida,Asterales,Asteraceae,Psilostrophe,Psilostrophe tagetina var. tagetina,Perennial,"Forb/herb, Subshrub"
PYCL2,Aster family,tranquil goldenweed,Plantae,Magnoliophyta,Magnoliopsida,Asterales,Asteraceae,Pyrrocoma,Pyrrocoma clementis,Perennial,Forb/herb
PYCLC,Aster family,tranquil goldenweed,Plantae,Magnoliophyta,Magnoliopsida,Asterales,Asteraceae,Pyrrocoma,Pyrrocoma clementis var. clementis,Perennial,Forb/herb
PYCR2,Aster family,curlyhead goldenweed,Plantae,Magnoliophyta,Magnoliopsida,Asterales,Asteraceae,Pyrrocoma,Pyrrocoma crocea,Perennial,Forb/herb
PYCRC,Aster family,curlyhead goldenweed,Plantae,Magnoliophyta,Magnoliopsida,Asterales,Asteraceae,Pyrrocoma,Pyrrocoma crocea var. crocea,Perennial,Forb/herb
RATA,Aster family,green prairie coneflower,Plantae,Magnoliophyta,Magnoliopsida,Asterales,Asteraceae,Ratibida,Ratibida tagetes,Perennial,Forb/herb
RAAN2,Aster family,viscid tansyaster,Plantae,Magnoliophyta,Magnoliopsida,Asterales,Asteraceae,Rayjacksonia,Rayjacksonia annua,Annual,Forb/herb
RAPH2,Aster family,camphor daisy,Plantae,Magnoliophyta,Magnoliopsida,Asterales,Asteraceae,Rayjacksonia,Rayjacksonia phyllocephala,Annual,Forb/herb
RUMO9,Aster family,montane coneflower,Plantae,Magnoliophyta,Magnoliopsida,Asterales,Asteraceae,Rudbeckia,Rudbeckia montana,Perennial,Forb/herb
SAWE,Aster family,Weber's saw-wort,Plantae,Magnoliophyta,Magnoliopsida,Asterales,Asteraceae,Saussurea,Saussurea weberi,Perennial,"Forb/herb, Subshrub"
SCSC15,Aster family,badlands mule-ears,Plantae,Magnoliophyta,Magnoliopsida,Asterales,Asteraceae,Scabrethia,Scabrethia scabra,Perennial,"Forb/herb, Subshrub"
SCSCC,Aster family,badlands mule-ears,Plantae,Magnoliophyta,Magnoliopsida,Asterales,Asteraceae,Scabrethia,Scabrethia scabra ssp. canescens,Perennial,"Forb/herb, Subshrub"
SCSCS5,Aster family,badlands mule-ears,Plantae,Magnoliophyta,Magnoliopsida,Asterales,Asteraceae,Scabrethia,Scabrethia scabra ssp. scabra,Perennial,"Forb/herb, Subshrub"
SCMU6,Aster family,manyflower false threadleaf,Plantae,Magnoliophyta,Magnoliopsida,Asterales,Asteraceae,Schkuhria,Schkuhria multiflora,Annual,Forb/herb
SEAM,Aster family,showy alpine ragwort,Plantae,Magnoliophyta,Magnoliopsida,Asterales,Asteraceae,Senecio,Senecio amplectens,Perennial,Forb/herb
SEAMA,Aster family,showy alpine ragwort,Plantae,Magnoliophyta,Magnoliopsida,Asterales,Asteraceae,Senecio,Senecio amplectens var. amplectens,Perennial,Forb/herb
SEAMH,Aster family,Holm's ragwort,Plantae,Magnoliophyta,Magnoliopsida,Asterales,Asteraceae,Senecio,Senecio amplectens var. holmii,Perennial,Forb/herb
SEAT,Aster family,tall blacktip ragwort,Plantae,Magnoliophyta,Magnoliopsida,Asterales,Asteraceae,Senecio,Senecio atratus,Perennial,Forb/herb
SEBI2,Aster family,nodding ragwort,Plantae,Magnoliophyta,Magnoliopsida,Asterales,Asteraceae,Senecio,Senecio bigelovii,Perennial,Forb/herb
SEBIH,Aster family,Hall's ragwort,Plantae,Magnoliophyta,Magnoliopsida,Asterales,Asteraceae,Senecio,Senecio bigelovii var. hallii,Perennial,Forb/herb
SECR,Aster family,thickleaf ragwort,Plantae,Magnoliophyta,Magnoliopsida,Asterales,Asteraceae,Senecio,Senecio crassulus,Perennial,Forb/herb
SEERK,Aster family,King's ragwort,Plantae,Magnoliophyta,Magnoliopsida,Asterales,Asteraceae,Senecio,Senecio eremophilus var. kingii,Perennial,"Forb/herb, Subshrub"
SEFL3,Aster family,threadleaf ragwort,Plantae,Magnoliophyta,Magnoliopsida,Asterales,Asteraceae,Senecio,Senecio flaccidus,Perennial,"Forb/herb, Subshrub"
SEFLD,Aster family,Douglas' ragwort,Plantae,Magnoliophyta,Magnoliopsida,Asterales,Asteraceae,Senecio,Senecio flaccidus var. douglasii,Perennial,"Forb/herb, Subshrub"
SEFLF,Aster family,threadleaf ragwort,Plantae,Magnoliophyta,Magnoliopsida,Asterales,Asteraceae,Senecio,Senecio flaccidus var. flaccidus,Perennial,"Forb/herb, Subshrub"
SEFRB,Aster family,dwarf mountain ragwort,Plantae,Magnoliophyta,Magnoliopsida,Asterales,Asteraceae,Senecio,Senecio fremontii var. blitoides,Perennial,Forb/herb
SEFRI,Aster family,dwarf mountain ragwort,Plantae,Magnoliophyta,Magnoliopsida,Asterales,Asteraceae,Senecio,Senecio fremontii var. inexpectatus,Perennial,Forb/herb
SEPU3,Aster family,bashful ragwort,Plantae,Magnoliophyta,Magnoliopsida,Asterales,Asteraceae,Senecio,Senecio pudicus,"Annual, Perennial",Forb/herb
SERA,Aster family,openwoods ragwort,Plantae,Magnoliophyta,Magnoliopsida,Asterales,Asteraceae,Senecio,Senecio rapifolius,Perennial,"Forb/herb, Subshrub"
SERI2,Aster family,Riddell's ragwort,Plantae,Magnoliophyta,Magnoliopsida,Asterales,Asteraceae,Senecio,Senecio riddellii,Perennial,"Forb/herb, Subshrub"
SESE2,Aster family,tall ragwort,Plantae,Magnoliophyta,Magnoliopsida,Asterales,Asteraceae,Senecio,Senecio serra,Perennial,"Forb/herb, Subshrub"
SESEA,Aster family,tall ragwort,Plantae,Magnoliophyta,Magnoliopsida,Asterales,Asteraceae,Senecio,Senecio serra var. admirabilis,Perennial,"Forb/herb, Subshrub"
SESES,Aster family,tall ragwort,Plantae,Magnoliophyta,Magnoliopsida,Asterales,Asteraceae,Senecio,Senecio serra var. serra,Perennial,"Forb/herb, Subshrub"
SESO,Aster family,Colorado ragwort,Plantae,Magnoliophyta,Magnoliopsida,Asterales,Asteraceae,Senecio,Senecio soldanella,Perennial,Forb/herb
SESP3,Aster family,broom-like ragwort,Plantae,Magnoliophyta,Magnoliopsida,Asterales,Asteraceae,Senecio,Senecio spartioides,Perennial,"Forb/herb, Subshrub"
SESPM,Aster family,broom-like ragwort,Plantae,Magnoliophyta,Magnoliopsida,Asterales,Asteraceae,Senecio,Senecio spartioides var. multicapitatus,Perennial,"Forb/herb, Subshrub"
SESPS2,Aster family,broom-like ragwort,Plantae,Magnoliophyta,Magnoliopsida,Asterales,Asteraceae,Senecio,Senecio spartioides var. spartioides,Perennial,"Forb/herb, Subshrub"
SESP4,Aster family,ballhead ragwort,Plantae,Magnoliophyta,Magnoliopsida,Asterales,Asteraceae,Senecio,Senecio sphaerocephalus,Perennial,Forb/herb
SETA,Aster family,dandelion ragwort,Plantae,Magnoliophyta,Magnoliopsida,Asterales,Asteraceae,Senecio,Senecio taraxacoides,Perennial,Forb/herb
SEWO,Aster family,Wooton's ragwort,Plantae,Magnoliophyta,Magnoliopsida,Asterales,Asteraceae,Senecio,Senecio wootonii,Perennial,"Forb/herb, Subshrub"
SOMIT2,Aster family,Missouri goldenrod,Plantae,Magnoliophyta,Magnoliopsida,Asterales,Asteraceae,Solidago,Solidago missouriensis var. tenuissima,Perennial,Forb/herb
SONA,Aster family,baby goldenrod,Plantae,Magnoliophyta,Magnoliopsida,Asterales,Asteraceae,Solidago,Solidago nana,Perennial,Forb/herb
SOPE,Aster family,downy ragged goldenrod,Plantae,Magnoliophyta,Magnoliopsida,Asterales,Asteraceae,Solidago,Solidago petiolaris,Perennial,Forb/herb
SOPEA,Aster family,downy ragged goldenrod,Plantae,Magnoliophyta,Magnoliopsida,Asterales,Asteraceae,Solidago,Solidago petiolaris var. angusta,Perennial,Forb/herb
SOSPP,Aster family,showy goldenrod,Plantae,Magnoliophyta,Magnoliopsida,Asterales,Asteraceae,Solidago,Solidago speciosa var. pallida,Perennial,Forb/herb
SOVE6,Aster family,threenerve goldenrod,Plantae,Magnoliophyta,Magnoliopsida,Asterales,Asteraceae,Solidago,Solidago velutina,Perennial,"Forb/herb, Subshrub"
SOWR,Aster family,Wright's goldenrod,Plantae,Magnoliophyta,Magnoliopsida,Asterales,Asteraceae,Solidago,Solidago wrightii,Perennial,Forb/herb
SOWRA,Aster family,Wright's goldenrod,Plantae,Magnoliophyta,Magnoliopsida,Asterales,Asteraceae,Solidago,Solidago wrightii var. adenophora,Perennial,Forb/herb
SPAR2,Aster family,silver chickensage,Plantae,Magnoliophyta,Magnoliopsida,Asterales,Asteraceae,Sphaeromeria,Sphaeromeria argentea,Perennial,"Forb/herb, Subshrub"
SPCA8,Aster family,rock tansy,Plantae,Magnoliophyta,Magnoliopsida,Asterales,Asteraceae,Sphaeromeria,Sphaeromeria capitata,Perennial,Forb/herb
STAC,Aster family,stemless mock goldenweed,Plantae,Magnoliophyta,Magnoliopsida,Asterales,Asteraceae,Stenotus,Stenotus acaulis,Perennial,"Forb/herb, Subshrub"
STEX,Aster family,small wirelettuce,Plantae,Magnoliophyta,Magnoliopsida,Asterales,Asteraceae,Stephanomeria,Stephanomeria exigua,"Annual, Biennial, Perennial",Forb/herb
STEXE,Aster family,small wirelettuce,Plantae,Magnoliophyta,Magnoliopsida,Asterales,Asteraceae,Stephanomeria,Stephanomeria exigua ssp. exigua,"Annual, Biennial, Perennial",Forb/herb
STPA4,Aster family,brownplume wirelettuce,Plantae,Magnoliophyta,Magnoliopsida,Asterales,Asteraceae,Stephanomeria,Stephanomeria pauciflora,Perennial,"Forb/herb, Subshrub"
SYERS,Aster family,white heath aster,Plantae,Magnoliophyta,Magnoliopsida,Asterales,Asteraceae,Symphyotrichum,Symphyotrichum ericoides var. stricticaule,Perennial,Forb/herb
SYFE,Aster family,Fendler's aster,Plantae,Magnoliophyta,Magnoliopsida,Asterales,Asteraceae,Symphyotrichum,Symphyotrichum fendleri,Perennial,"Forb/herb, Subshrub"
SYFOC,Aster family,Canby's aster,Plantae,Magnoliophyta,Magnoliopsida,Asterales,Asteraceae,Symphyotrichum,Symphyotrichum foliaceum var. canbyi,Perennial,Forb/herb
SYOB,Aster family,aromatic aster,Plantae,Magnoliophyta,Magnoliopsida,Asterales,Asteraceae,Symphyotrichum,Symphyotrichum oblongifolium,Perennial,Forb/herb
SYPO4,Aster family,smooth white aster,Plantae,Magnoliophyta,Magnoliopsida,Asterales,Asteraceae,Symphyotrichum,Symphyotrichum porteri,Perennial,Forb/herb
TAER2,Aster family,woolbearing dandelion,Plantae,Magnoliophyta,Magnoliopsida,Asterales,Asteraceae,Taraxacum,Taraxacum eriophorum,Perennial,Forb/herb
TENU2,Aster family,Nuttall's horsebrush,Plantae,Magnoliophyta,Magnoliopsida,Asterales,Asteraceae,Tetradymia,Tetradymia nuttallii,Perennial,"Shrub, Subshrub"
TESP2,Aster family,shortspine horsebrush,Plantae,Magnoliophyta,Magnoliopsida,Asterales,Asteraceae,Tetradymia,Tetradymia spinosa,Perennial,"Shrub, Subshrub"
TEACA,Aster family,Arizona four-nerve daisy,Plantae,Magnoliophyta,Magnoliopsida,Asterales,Asteraceae,Tetraneuris,Tetraneuris acaulis var. arizonica,Perennial,Forb/herb
TEACC,Aster family,caespitose four-nerve daisy,Plantae,Magnoliophyta,Magnoliopsida,Asterales,Asteraceae,Tetraneuris,Tetraneuris acaulis var. caespitosa,Perennial,Forb/herb
TEACE,Aster family,stemless four-nerve daisy,Plantae,Magnoliophyta,Magnoliopsida,Asterales,Asteraceae,Tetraneuris,Tetraneuris acaulis var. epunctata,Perennial,Forb/herb
TEBR,Aster family,Brandegee's four-nerve daisy,Plantae,Magnoliophyta,Magnoliopsida,Asterales,Asteraceae,Tetraneuris,Tetraneuris brandegeei,Perennial,"Forb/herb, Subshrub"
TEGR3,Aster family,graylocks four-nerve daisy,Plantae,Magnoliophyta,Magnoliopsida,Asterales,Asteraceae,Tetraneuris,Tetraneuris grandiflora,Perennial,Forb/herb
TEIV,Aster family,Ives' fournerved daisy,Plantae,Magnoliophyta,Magnoliopsida,Asterales,Asteraceae,Tetraneuris,Tetraneuris ivesiana,Perennial,Forb/herb
TESC2,Aster family,stemmy four-nerve daisy,Plantae,Magnoliophyta,Magnoliopsida,Asterales,Asteraceae,Tetraneuris,Tetraneuris scaposa,Perennial,"Forb/herb, Subshrub"
TESCL,Aster family,stemmy four-nerve daisy,Plantae,Magnoliophyta,Magnoliopsida,Asterales,Asteraceae,Tetraneuris,Tetraneuris scaposa var. linearis,Perennial,"Forb/herb, Subshrub"
TESCS,Aster family,stemmy four-nerve daisy,Plantae,Magnoliophyta,Magnoliopsida,Asterales,Asteraceae,Tetraneuris,Tetraneuris scaposa var. scaposa,Perennial,"Forb/herb, Subshrub"
TETO,Aster family,Torrey's four-nerve daisy,Plantae,Magnoliophyta,Magnoliopsida,Asterales,Asteraceae,Tetraneuris,Tetraneuris torreyana,Perennial,Forb/herb
THAM4,Aster family,Colorado greenthread,Plantae,Magnoliophyta,Magnoliopsida,Asterales,Asteraceae,Thelesperma,Thelesperma ambiguum,Perennial,Forb/herb
THFI,Aster family,stiff greenthread,Plantae,Magnoliophyta,Magnoliopsida,Asterales,Asteraceae,Thelesperma,Thelesperma filifolium,"Annual, Perennial",Forb/herb
THFII,Aster family,stiff greenthread,Plantae,Magnoliophyta,Magnoliopsida,Asterales,Asteraceae,Thelesperma,Thelesperma filifolium var. intermedium,"Annual, Perennial",Forb/herb
THME,Aster family,Hopi tea greenthread,Plantae,Magnoliophyta,Magnoliopsida,Asterales,Asteraceae,Thelesperma,Thelesperma megapotamicum,Perennial,Forb/herb
THSUS,Aster family,Navajo tea,Plantae,Magnoliophyta,Magnoliopsida,Asterales,Asteraceae,Thelesperma,Thelesperma subnudum var. subnudum,Perennial,Forb/herb
THAU4,Aster family,manyawn pricklyleaf,Plantae,Magnoliophyta,Magnoliopsida,Asterales,Asteraceae,Thymophylla,Thymophylla aurea,Annual,Forb/herb
THAUA,Aster family,manyawn pricklyleaf,Plantae,Magnoliophyta,Magnoliopsida,Asterales,Asteraceae,Thymophylla,Thymophylla aurea var. aurea,Annual,Forb/herb
TOMI,Aster family,smallhead heathgoldenrod,Plantae,Magnoliophyta,Magnoliopsida,Asterales,Asteraceae,Tonestus,Tonestus microcephalus,Perennial,"Forb/herb, Subshrub"
TOPY,Aster family,pygmy goldenweed,Plantae,Magnoliophyta,Magnoliopsida,Asterales,Asteraceae,Tonestus,Tonestus pygmaeus,Perennial,Forb/herb
TOAL,Aster family,Wyoming Townsend daisy,Plantae,Magnoliophyta,Magnoliopsida,Asterales,Asteraceae,Townsendia,Townsendia alpigena,Perennial,Forb/herb
TOALA,Aster family,Wyoming Townsend daisy,Plantae,Magnoliophyta,Magnoliopsida,Asterales,Asteraceae,Townsendia,Townsendia alpigena var. alpigena,Perennial,Forb/herb
TOAN,Aster family,annual Townsend daisy,Plantae,Magnoliophyta,Magnoliopsida,Asterales,Asteraceae,Townsendia,Townsendia annua,Annual,Forb/herb
TOEX,Aster family,tall Townsend daisy,Plantae,Magnoliophyta,Magnoliopsida,Asterales,Asteraceae,Townsendia,Townsendia eximia,Perennial,Forb/herb
TOFE,Aster family,Fendler's Townsend daisy,Plantae,Magnoliophyta,Magnoliopsida,Asterales,Asteraceae,Townsendia,Townsendia fendleri,Annual,Forb/herb
TOGL4,Aster family,Gray's Townsend daisy,Plantae,Magnoliophyta,Magnoliopsida,Asterales,Asteraceae,Townsendia,Townsendia glabella,Perennial,Forb/herb
TOGR,Aster family,largeflower Townsend daisy,Plantae,Magnoliophyta,Magnoliopsida,Asterales,Asteraceae,Townsendia,Townsendia grandiflora,Biennial,Forb/herb
TOIN,Aster family,hoary Townsend daisy,Plantae,Magnoliophyta,Magnoliopsida,Asterales,Asteraceae,Townsendia,Townsendia incana,"Annual, Biennial, Perennial",Forb/herb
TOLE,Aster family,common Townsend daisy,Plantae,Magnoliophyta,Magnoliopsida,Asterales,Asteraceae,Townsendia,Townsendia leptotes,Perennial,Forb/herb
TORO,Aster family,Rothrock's Townsend daisy,Plantae,Magnoliophyta,Magnoliopsida,Asterales,Asteraceae,Townsendia,Townsendia rothrockii,Perennial,Forb/herb
TOST,Aster family,hairy Townsend daisy,Plantae,Magnoliophyta,Magnoliopsida,Asterales,Asteraceae,Townsendia,Townsendia strigosa,"Annual, Biennial",Forb/herb
VEEN,Aster family,golden crownbeard,Plantae,Magnoliophyta,Magnoliopsida,Asterales,Asteraceae,Verbesina,Verbesina encelioides,Annual,Forb/herb
VEENE3,Aster family,golden crownbeard,Plantae,Magnoliophyta,Magnoliopsida,Asterales,Asteraceae,Verbesina,Verbesina encelioides ssp. encelioides,Annual,Forb/herb
VEENE2,Aster family,golden crownbeard,Plantae,Magnoliophyta,Magnoliopsida,Asterales,Asteraceae,Verbesina,Verbesina encelioides ssp. exauriculata,Annual,Forb/herb
VEBA,Aster family,Baldwin's ironweed,Plantae,Magnoliophyta,Magnoliopsida,Asterales,Asteraceae,Vernonia,Vernonia baldwinii,Perennial,Forb/herb
VEBAI2,Aster family,interior ironweed,Plantae,Magnoliophyta,Magnoliopsida,Asterales,Asteraceae,Vernonia,Vernonia baldwinii ssp. interior,Perennial,Forb/herb
VEMA2,Aster family,plains ironweed,Plantae,Magnoliophyta,Magnoliopsida,Asterales,Asteraceae,Vernonia,Vernonia marginata,Perennial,Forb/herb
WYMA,Aster family,mule-ears,Plantae,Magnoliophyta,Magnoliopsida,Asterales,Asteraceae,Wyethia,Wyethia Ã—magna,Perennial,Forb/herb
WYAM,Aster family,mule-ears,Plantae,Magnoliophyta,Magnoliopsida,Asterales,Asteraceae,Wyethia,Wyethia amplexicaulis,Perennial,Forb/herb
WYAR,Aster family,Arizona mule-ears,Plantae,Magnoliophyta,Magnoliopsida,Asterales,Asteraceae,Wyethia,Wyethia arizonica,Perennial,Forb/herb
XYGL,Aster family,smooth woodyaster,Plantae,Magnoliophyta,Magnoliopsida,Asterales,Asteraceae,Xylorhiza,Xylorhiza glabriuscula,Perennial,"Forb/herb, Subshrub"
XYGLG,Aster family,smooth woodyaster,Plantae,Magnoliophyta,Magnoliopsida,Asterales,Asteraceae,Xylorhiza,Xylorhiza glabriuscula var. glabriuscula,Perennial,"Forb/herb, Subshrub"
XYGLV,Aster family,villous woodyaster,Plantae,Magnoliophyta,Magnoliopsida,Asterales,Asteraceae,Xylorhiza,Xylorhiza glabriuscula var. villosa,Perennial,"Forb/herb, Subshrub"
XYVE,Aster family,charming woodyaster,Plantae,Magnoliophyta,Magnoliopsida,Asterales,Asteraceae,Xylorhiza,Xylorhiza venusta,Perennial,Subshrub
ZIGR,Aster family,Rocky Mountain zinnia,Plantae,Magnoliophyta,Magnoliopsida,Asterales,Asteraceae,Zinnia,Zinnia grandiflora,Perennial,"Forb/herb, Subshrub"
BEFE,Barberry family,Colorado barberry,Plantae,Magnoliophyta,Magnoliopsida,Ranunculales,Berberidaceae,Berberis,Berberis fendleri,Perennial,Shrub
MAFR3,Barberry family,Fremont's mahonia,Plantae,Magnoliophyta,Magnoliopsida,Ranunculales,Berberidaceae,Mahonia,Mahonia fremontii,Perennial,Shrub
MAHA4,Barberry family,red barberry,Plantae,Magnoliophyta,Magnoliopsida,Ranunculales,Berberidaceae,Mahonia,Mahonia haematocarpa,Perennial,Shrub
CRAP2,Borage family,Grand Junction cryptantha,Plantae,Magnoliophyta,Magnoliopsida,Lamiales,Boraginaceae,Cryptantha,Cryptantha aperta,Perennial,"Forb/herb, Subshrub"
CRBA4,Borage family,Baker's cryptantha,Plantae,Magnoliophyta,Magnoliopsida,Lamiales,Boraginaceae,Cryptantha,Cryptantha bakeri,"Biennial, Perennial","Forb/herb, Subshrub"
CRBR7,Borage family,Uinta basin cryptantha,Plantae,Magnoliophyta,Magnoliopsida,Lamiales,Boraginaceae,Cryptantha,Cryptantha breviflora,Perennial,"Forb/herb, Subshrub"
CRCA7,Borage family,tufted cryptantha,Plantae,Magnoliophyta,Magnoliopsida,Lamiales,Boraginaceae,Cryptantha,Cryptantha caespitosa,Perennial,"Forb/herb, Subshrub"
CRCA8,Borage family,mountain cryptantha,Plantae,Magnoliophyta,Magnoliopsida,Lamiales,Boraginaceae,Cryptantha,Cryptantha cana,Perennial,"Forb/herb, Subshrub"
CRCI3,Borage family,James' cryptantha,Plantae,Magnoliophyta,Magnoliopsida,Lamiales,Boraginaceae,Cryptantha,Cryptantha cinerea,Perennial,"Forb/herb, Subshrub"
CRCIC,Borage family,James' cryptantha,Plantae,Magnoliophyta,Magnoliopsida,Lamiales,Boraginaceae,Cryptantha,Cryptantha cinerea var. cinerea,Perennial,"Forb/herb, Subshrub"
CRCIJ,Borage family,James' cryptantha,Plantae,Magnoliophyta,Magnoliopsida,Lamiales,Boraginaceae,Cryptantha,Cryptantha cinerea var. jamesii,Perennial,"Forb/herb, Subshrub"
CRCIP,Borage family,James' cryptantha,Plantae,Magnoliophyta,Magnoliopsida,Lamiales,Boraginaceae,Cryptantha,Cryptantha cinerea var. pustulosa,Perennial,"Forb/herb, Subshrub"
CRCI2,Borage family,cushion cryptantha,Plantae,Magnoliophyta,Magnoliopsida,Lamiales,Boraginaceae,Cryptantha,Cryptantha circumscissa,Annual,Forb/herb
CRCIC2,Borage family,cushion cryptantha,Plantae,Magnoliophyta,Magnoliopsida,Lamiales,Boraginaceae,Cryptantha,Cryptantha circumscissa var. circumscissa,Annual,Forb/herb
CRCR3,Borage family,thicksepal cryptantha,Plantae,Magnoliophyta,Magnoliopsida,Lamiales,Boraginaceae,Cryptantha,Cryptantha crassisepala,Annual,Forb/herb
CRCRC,Borage family,thicksepal cryptantha,Plantae,Magnoliophyta,Magnoliopsida,Lamiales,Boraginaceae,Cryptantha,Cryptantha crassisepala var. crassisepala,Annual,Forb/herb
CRCRE,Borage family,thicksepal cryptantha,Plantae,Magnoliophyta,Magnoliopsida,Lamiales,Boraginaceae,Cryptantha,Cryptantha crassisepala var. elachantha,Annual,Forb/herb
CREL4,Borage family,cliffdweller's cryptantha,Plantae,Magnoliophyta,Magnoliopsida,Lamiales,Boraginaceae,Cryptantha,Cryptantha elata,"Biennial, Perennial","Forb/herb, Subshrub"
CRFL5,Borage family,Brenda's yellow cryptantha,Plantae,Magnoliophyta,Magnoliopsida,Lamiales,Boraginaceae,Cryptantha,Cryptantha flava,Perennial,"Forb/herb, Subshrub"
CRFL6,Borage family,roughseed cryptantha,Plantae,Magnoliophyta,Magnoliopsida,Lamiales,Boraginaceae,Cryptantha,Cryptantha flavoculata,Perennial,"Forb/herb, Subshrub"
CRFU,Borage family,tawny cryptantha,Plantae,Magnoliophyta,Magnoliopsida,Lamiales,Boraginaceae,Cryptantha,Cryptantha fulvocanescens,Perennial,"Forb/herb, Subshrub"
CRFUN,Borage family,tawny cryptantha,Plantae,Magnoliophyta,Magnoliopsida,Lamiales,Boraginaceae,Cryptantha,Cryptantha fulvocanescens var. nitida,Perennial,Forb/herb
CRGR3,Borage family,narrowstem cryptantha,Plantae,Magnoliophyta,Magnoliopsida,Lamiales,Boraginaceae,Cryptantha,Cryptantha gracilis,Annual,Forb/herb
CRGY,Borage family,cryptantha,Plantae,Magnoliophyta,Magnoliopsida,Lamiales,Boraginaceae,Cryptantha,Cryptantha gypsophila,Perennial,Forb/herb
CRHU2,Borage family,roundspike cryptantha,Plantae,Magnoliophyta,Magnoliopsida,Lamiales,Boraginaceae,Cryptantha,Cryptantha humilis,Perennial,"Forb/herb, Subshrub"
CRLO6,Borage family,longflower cryptantha,Plantae,Magnoliophyta,Magnoliopsida,Lamiales,Boraginaceae,Cryptantha,Cryptantha longiflora,"Biennial, Perennial","Forb/herb, Subshrub"
CRME5,Borage family,southwestern cryptantha,Plantae,Magnoliophyta,Magnoliopsida,Lamiales,Boraginaceae,Cryptantha,Cryptantha mensana,Perennial,"Forb/herb, Subshrub"
CROS,Borage family,Osterhout's cryptantha,Plantae,Magnoliophyta,Magnoliopsida,Lamiales,Boraginaceae,Cryptantha,Cryptantha osterhoutii,Perennial,"Forb/herb, Subshrub"
CRPA6,Borage family,handsome cryptantha,Plantae,Magnoliophyta,Magnoliopsida,Lamiales,Boraginaceae,Cryptantha,Cryptantha paradoxa,Perennial,"Forb/herb, Subshrub"
CRPT,Borage family,wingnut cryptantha,Plantae,Magnoliophyta,Magnoliopsida,Lamiales,Boraginaceae,Cryptantha,Cryptantha pterocarya,Annual,Forb/herb
CRPTC,Borage family,wingnut cryptantha,Plantae,Magnoliophyta,Magnoliopsida,Lamiales,Boraginaceae,Cryptantha,Cryptantha pterocarya var. cycloptera,Annual,Forb/herb
CRPTP2,Borage family,wingnut cryptantha,Plantae,Magnoliophyta,Magnoliopsida,Lamiales,Boraginaceae,Cryptantha,Cryptantha pterocarya var. pterocarya,Annual,Forb/herb
CRRE5,Borage family,curvenut cryptantha,Plantae,Magnoliophyta,Magnoliopsida,Lamiales,Boraginaceae,Cryptantha,Cryptantha recurvata,Annual,Forb/herb
CRRO6,Borage family,Rollins' cryptantha,Plantae,Magnoliophyta,Magnoliopsida,Lamiales,Boraginaceae,Cryptantha,Cryptantha rollinsii,"Biennial, Perennial","Forb/herb, Subshrub"
CRSC2,Borage family,Pinyon Desert cryptantha,Plantae,Magnoliophyta,Magnoliopsida,Lamiales,Boraginaceae,Cryptantha,Cryptantha scoparia,Annual,Forb/herb
CRSE3,Borage family,silky cryptantha,Plantae,Magnoliophyta,Magnoliopsida,Lamiales,Boraginaceae,Cryptantha,Cryptantha sericea,"Biennial, Perennial","Forb/herb, Subshrub"
CRST5,Borage family,Yampa River cryptantha,Plantae,Magnoliophyta,Magnoliopsida,Lamiales,Boraginaceae,Cryptantha,Cryptantha stricta,Perennial,"Forb/herb, Subshrub"
CRTH,Borage family,calcareous cryptantha,Plantae,Magnoliophyta,Magnoliopsida,Lamiales,Boraginaceae,Cryptantha,Cryptantha thyrsiflora,"Biennial, Perennial","Forb/herb, Subshrub"
CRVI4,Borage family,miner's candle,Plantae,Magnoliophyta,Magnoliopsida,Lamiales,Boraginaceae,Cryptantha,Cryptantha virgata,"Biennial, Perennial",Forb/herb
CRWE2,Borage family,Weber's cryptantha,Plantae,Magnoliophyta,Magnoliopsida,Lamiales,Boraginaceae,Cryptantha,Cryptantha weberi,Perennial,"Forb/herb, Subshrub"
ERNAA2,Borage family,arctic alpine forget-me-not,Plantae,Magnoliophyta,Magnoliopsida,Lamiales,Boraginaceae,Eritrichium,Eritrichium nanum var. argenteum,Perennial,Forb/herb
ERNAE,Borage family,arctic alpine forget-me-not,Plantae,Magnoliophyta,Magnoliopsida,Lamiales,Boraginaceae,Eritrichium,Eritrichium nanum var. elongatum,Perennial,Forb/herb
HABE3,Borage family,Bessey's stickseed,Plantae,Magnoliophyta,Magnoliopsida,Lamiales,Boraginaceae,Hackelia,Hackelia besseyi,"Biennial, Perennial",Forb/herb
HAGR10,Borage family,Mesa Verde stickseed,Plantae,Magnoliophyta,Magnoliopsida,Lamiales,Boraginaceae,Hackelia,Hackelia gracilenta,Perennial,Forb/herb
HECO5,Borage family,phlox heliotrope,Plantae,Magnoliophyta,Magnoliopsida,Lamiales,Boraginaceae,Heliotropium,Heliotropium convolvulaceum,Annual,Forb/herb
HECOC,Borage family,phlox heliotrope,Plantae,Magnoliophyta,Magnoliopsida,Lamiales,Boraginaceae,Heliotropium,Heliotropium convolvulaceum var. californicum,Annual,Forb/herb
HECOC7,Borage family,phlox heliotrope,Plantae,Magnoliophyta,Magnoliopsida,Lamiales,Boraginaceae,Heliotropium,Heliotropium convolvulaceum var. convolvulaceum,Annual,Forb/herb
HECUO,Borage family,seaside heliotrope,Plantae,Magnoliophyta,Magnoliopsida,Lamiales,Boraginaceae,Heliotropium,Heliotropium curassavicum var. oculatum,"Annual, Perennial","Forb/herb, Subshrub"
LIMU3,Borage family,manyflowered stoneseed,Plantae,Magnoliophyta,Magnoliopsida,Lamiales,Boraginaceae,Lithospermum,Lithospermum multiflorum,Perennial,Forb/herb
MEAL7,Borage family,alpine bluebells,Plantae,Magnoliophyta,Magnoliopsida,Lamiales,Boraginaceae,Mertensia,Mertensia alpina,Perennial,Forb/herb
MEAR6,Borage family,aspen bluebells,Plantae,Magnoliophyta,Magnoliopsida,Lamiales,Boraginaceae,Mertensia,Mertensia arizonica,Perennial,Forb/herb
MEBR,Borage family,shortstyle bluebells,Plantae,Magnoliophyta,Magnoliopsida,Lamiales,Boraginaceae,Mertensia,Mertensia brevistyla,Perennial,Forb/herb
MECI3,Borage family,tall fringed bluebells,Plantae,Magnoliophyta,Magnoliopsida,Lamiales,Boraginaceae,Mertensia,Mertensia ciliata,Perennial,Forb/herb
MECIC2,Borage family,tall fringed bluebells,Plantae,Magnoliophyta,Magnoliopsida,Lamiales,Boraginaceae,Mertensia,Mertensia ciliata var. ciliata,Perennial,Forb/herb
MEFR2,Borage family,Franciscan bluebells,Plantae,Magnoliophyta,Magnoliopsida,Lamiales,Boraginaceae,Mertensia,Mertensia franciscana,Perennial,Forb/herb
MEHU2,Borage family,Rocky Mountain bluebells,Plantae,Magnoliophyta,Magnoliopsida,Lamiales,Boraginaceae,Mertensia,Mertensia humilis,Perennial,Forb/herb
MELAB,Borage family,prairie bluebells,Plantae,Magnoliophyta,Magnoliopsida,Lamiales,Boraginaceae,Mertensia,Mertensia lanceolata var. brachyloba,Perennial,Forb/herb
MELAC,Borage family,prairie bluebells,Plantae,Magnoliophyta,Magnoliopsida,Lamiales,Boraginaceae,Mertensia,Mertensia lanceolata var. coriacea,Perennial,Forb/herb
MELAS2,Borage family,prairie bluebells,Plantae,Magnoliophyta,Magnoliopsida,Lamiales,Boraginaceae,Mertensia,Mertensia lanceolata var. secundorum,Perennial,Forb/herb
MEOB,Borage family,oblongleaf bluebells,Plantae,Magnoliophyta,Magnoliopsida,Lamiales,Boraginaceae,Mertensia,Mertensia oblongifolia,"Annual, Perennial",Forb/herb
TINU2,Borage family,Nuttall's crinklemat,Plantae,Magnoliophyta,Magnoliopsida,Lamiales,Boraginaceae,Tiquilia,Tiquilia nuttallii,Annual,Forb/herb
ARCR5,Mustard family,Crandall's rockcress,Plantae,Magnoliophyta,Magnoliopsida,Capparales,Brassicaceae,Arabis,Arabis crandallii,Perennial,Forb/herb
ARDE,Mustard family,nodding rockcress,Plantae,Magnoliophyta,Magnoliopsida,Capparales,Brassicaceae,Arabis,Arabis demissa,Perennial,Forb/herb
ARDED,Mustard family,nodding rockcress,Plantae,Magnoliophyta,Magnoliopsida,Capparales,Brassicaceae,Arabis,Arabis demissa var. demissa,Perennial,Forb/herb
ARDEL,Mustard family,nodding rockcress,Plantae,Magnoliophyta,Magnoliopsida,Capparales,Brassicaceae,Arabis,Arabis demissa var. languida,Perennial,Forb/herb
ARFE,Mustard family,Fendler's rockcress,Plantae,Magnoliophyta,Magnoliopsida,Capparales,Brassicaceae,Arabis,Arabis fendleri,Perennial,"Forb/herb, Subshrub"
ARFEF,Mustard family,Fendler's rockcress,Plantae,Magnoliophyta,Magnoliopsida,Capparales,Brassicaceae,Arabis,Arabis fendleri var. fendleri,Perennial,"Forb/herb, Subshrub"
ARFES,Mustard family,spoonleaf rockcress,Plantae,Magnoliophyta,Magnoliopsida,Capparales,Brassicaceae,Arabis,Arabis fendleri var. spatifolia,Perennial,"Forb/herb, Subshrub"
ARFE2,Mustard family,park rockcress,Plantae,Magnoliophyta,Magnoliopsida,Capparales,Brassicaceae,Arabis,Arabis fernaldiana,Perennial,Forb/herb
ARFEF2,Mustard family,park rockcress,Plantae,Magnoliophyta,Magnoliopsida,Capparales,Brassicaceae,Arabis,Arabis fernaldiana var. fernaldiana,Perennial,Forb/herb
ARGU,Mustard family,Gunnison's rockcress,Plantae,Magnoliophyta,Magnoliopsida,Capparales,Brassicaceae,Arabis,Arabis gunnisoniana,Perennial,Forb/herb
ARHOP2,Mustard family,dropseed rockcress,Plantae,Magnoliophyta,Magnoliopsida,Capparales,Brassicaceae,Arabis,Arabis holboellii var. pendulocarpa,"Biennial, Perennial",Forb/herb
AROX,Mustard family,Glenwood Springs rockcress,Plantae,Magnoliophyta,Magnoliopsida,Capparales,Brassicaceae,Arabis,Arabis oxylobula,Perennial,Forb/herb
ARPA35,Mustard family,Gunnison County rockcress,Plantae,Magnoliophyta,Magnoliopsida,Capparales,Brassicaceae,Arabis,Arabis pallidifolia,Perennial,Forb/herb
ARPE,Mustard family,rabbit ear rockcress,Plantae,Magnoliophyta,Magnoliopsida,Capparales,Brassicaceae,Arabis,Arabis pendulina,Perennial,Forb/herb
ARPEP,Mustard family,rabbit ear rockcress,Plantae,Magnoliophyta,Magnoliopsida,Capparales,Brassicaceae,Arabis,Arabis pendulina var. pendulina,Perennial,Forb/herb
ARPER,Mustard family,russeola rockcress,Plantae,Magnoliophyta,Magnoliopsida,Capparales,Brassicaceae,Arabis,Arabis pendulina var. russeola,Perennial,Forb/herb
ARPE2,Mustard family,perennial rockcress,Plantae,Magnoliophyta,Magnoliopsida,Capparales,Brassicaceae,Arabis,Arabis perennans,Perennial,"Forb/herb, Subshrub"
ARPU2,Mustard family,beautiful rockcress,Plantae,Magnoliophyta,Magnoliopsida,Capparales,Brassicaceae,Arabis,Arabis pulchra,Perennial,"Forb/herb, Subshrub"
ARPUP,Mustard family,beautiful rockcress,Plantae,Magnoliophyta,Magnoliopsida,Capparales,Brassicaceae,Arabis,Arabis pulchra var. pallens,Perennial,"Forb/herb, Subshrub"
ARSE,Mustard family,Selby's rockcress,Plantae,Magnoliophyta,Magnoliopsida,Capparales,Brassicaceae,Arabis,Arabis selbyi,Perennial,Forb/herb
CABRL,Mustard family,Leiberg's bittercress,Plantae,Magnoliophyta,Magnoliopsida,Capparales,Brassicaceae,Cardamine,Cardamine breweri var. leibergii,Perennial,Forb/herb
CACOC,Mustard family,heartleaf bittercress,Plantae,Magnoliophyta,Magnoliopsida,Capparales,Brassicaceae,Cardamine,Cardamine cordifolia var. cordifolia,Perennial,Forb/herb
CACOI,Mustard family,heartleaf bittercress,Plantae,Magnoliophyta,Magnoliopsida,Capparales,Brassicaceae,Cardamine,Cardamine cordifolia var. incana,Perennial,Forb/herb
CACR11,Mustard family,thickstem wild cabbage,Plantae,Magnoliophyta,Magnoliopsida,Capparales,Brassicaceae,Caulanthus,Caulanthus crassicaulis,"Biennial, Perennial",Forb/herb
CACRC,Mustard family,thickstem wild cabbage,Plantae,Magnoliophyta,Magnoliopsida,Capparales,Brassicaceae,Caulanthus,Caulanthus crassicaulis var. crassicaulis,"Biennial, Perennial",Forb/herb
DECA6,Mustard family,Sierra tansymustard,Plantae,Magnoliophyta,Magnoliopsida,Capparales,Brassicaceae,Descurainia,Descurainia californica,"Annual, Biennial",Forb/herb
DEINP,Mustard family,mountain tansymustard,Plantae,Magnoliophyta,Magnoliopsida,Capparales,Brassicaceae,Descurainia,Descurainia incana ssp. procera,Biennial,Forb/herb
DEINV,Mustard family,mountain tansymustard,Plantae,Magnoliophyta,Magnoliopsida,Capparales,Brassicaceae,Descurainia,Descurainia incana ssp. viscosa,Biennial,Forb/herb
DEPIF,Mustard family,western tansymustard,Plantae,Magnoliophyta,Magnoliopsida,Capparales,Brassicaceae,Descurainia,Descurainia pinnata ssp. filipes,"Annual, Biennial",Forb/herb
DEPIH,Mustard family,western tansymustard,Plantae,Magnoliophyta,Magnoliopsida,Capparales,Brassicaceae,Descurainia,Descurainia pinnata ssp. halictorum,"Annual, Biennial, Perennial",Forb/herb
DEPIP2,Mustard family,Payson's tansymustard,Plantae,Magnoliophyta,Magnoliopsida,Capparales,Brassicaceae,Descurainia,Descurainia pinnata ssp. paysonii,"Annual, Biennial",Forb/herb
DERA2,Mustard family,Villa Grove tansymustard,Plantae,Magnoliophyta,Magnoliopsida,Capparales,Brassicaceae,Descurainia,Descurainia ramosissima,Annual,Forb/herb
DIWI2,Mustard family,touristplant,Plantae,Magnoliophyta,Magnoliopsida,Capparales,Brassicaceae,Dimorphocarpa,Dimorphocarpa wislizeni,Annual,Forb/herb
DRCR,Mustard family,thickleaf draba,Plantae,Magnoliophyta,Magnoliopsida,Capparales,Brassicaceae,Draba,Draba crassa,Perennial,Forb/herb
DRCU,Mustard family,wedgeleaf draba,Plantae,Magnoliophyta,Magnoliopsida,Capparales,Brassicaceae,Draba,Draba cuneifolia,Annual,Forb/herb
DRCUC,Mustard family,wedgeleaf draba,Plantae,Magnoliophyta,Magnoliopsida,Capparales,Brassicaceae,Draba,Draba cuneifolia var. cuneifolia,Annual,Forb/herb
DREX3,Mustard family,clawless draba,Plantae,Magnoliophyta,Magnoliopsida,Capparales,Brassicaceae,Draba,Draba exunguiculata,Perennial,Forb/herb
DRFLP,Mustard family,Austrian draba,Plantae,Magnoliophyta,Magnoliopsida,Capparales,Brassicaceae,Draba,Draba fladnizensis var. pattersonii,Perennial,Forb/herb
DRGL6,Mustard family,beavertip draba,Plantae,Magnoliophyta,Magnoliopsida,Capparales,Brassicaceae,Draba,Draba globosa,Perennial,Forb/herb
DRGR2,Mustard family,Rocky Mountain draba,Plantae,Magnoliophyta,Magnoliopsida,Capparales,Brassicaceae,Draba,Draba graminea,Perennial,Forb/herb
DRGR3,Mustard family,Gray's draba,Plantae,Magnoliophyta,Magnoliopsida,Capparales,Brassicaceae,Draba,Draba grayana,Perennial,Forb/herb
DRHE,Mustard family,Heller's draba,Plantae,Magnoliophyta,Magnoliopsida,Capparales,Brassicaceae,Draba,Draba helleriana,"Biennial, Perennial",Forb/herb
DRHEH,Mustard family,Heller's draba,Plantae,Magnoliophyta,Magnoliopsida,Capparales,Brassicaceae,Draba,Draba helleriana var. helleriana,"Biennial, Perennial",Forb/herb
DRRE,Mustard family,mountain draba,Plantae,Magnoliophyta,Magnoliopsida,Capparales,Brassicaceae,Draba,Draba rectifructa,"Annual, Biennial",Forb/herb
DRSM,Mustard family,Smith's draba,Plantae,Magnoliophyta,Magnoliopsida,Capparales,Brassicaceae,Draba,Draba smithii,Perennial,Forb/herb
DRSP,Mustard family,showy draba,Plantae,Magnoliophyta,Magnoliopsida,Capparales,Brassicaceae,Draba,Draba spectabilis,Perennial,Forb/herb
DRSPO,Mustard family,showy draba,Plantae,Magnoliophyta,Magnoliopsida,Capparales,Brassicaceae,Draba,Draba spectabilis var. oxyloba,Perennial,Forb/herb
DRSPS,Mustard family,showy draba,Plantae,Magnoliophyta,Magnoliopsida,Capparales,Brassicaceae,Draba,Draba spectabilis var. spectabilis,Perennial,Forb/herb
DRST5,Mustard family,alpine tundra draba,Plantae,Magnoliophyta,Magnoliopsida,Capparales,Brassicaceae,Draba,Draba streptobrachia,Perennial,Forb/herb
DRST4,Mustard family,pretty draba,Plantae,Magnoliophyta,Magnoliopsida,Capparales,Brassicaceae,Draba,Draba streptocarpa,Perennial,Forb/herb
DRWE,Mustard family,Weber's draba,Plantae,Magnoliophyta,Magnoliopsida,Capparales,Brassicaceae,Draba,Draba weberi,Perennial,Forb/herb
ERCA14,Mustard family,sanddune wallflower,Plantae,Magnoliophyta,Magnoliopsida,Capparales,Brassicaceae,Erysimum,Erysimum capitatum,"Biennial, Perennial","Forb/herb, Subshrub"
ERCAC,Mustard family,sanddune wallflower,Plantae,Magnoliophyta,Magnoliopsida,Capparales,Brassicaceae,Erysimum,Erysimum capitatum var. capitatum,"Biennial, Perennial",Forb/herb
ERCAP3,Mustard family,Pursh's wallflower,Plantae,Magnoliophyta,Magnoliopsida,Capparales,Brassicaceae,Erysimum,Erysimum capitatum var. purshii,"Biennial, Perennial",Forb/herb
EUPE10,Mustard family,Penland's eutrema,Plantae,Magnoliophyta,Magnoliopsida,Capparales,Brassicaceae,Eutrema,Eutrema penlandii,Perennial,Forb/herb
LEAL4,Mustard family,mesa pepperwort,Plantae,Magnoliophyta,Magnoliopsida,Capparales,Brassicaceae,Lepidium,Lepidium alyssoides,"Biennial, Perennial","Forb/herb, Subshrub"
LEALA3,Mustard family,mesa pepperwort,Plantae,Magnoliophyta,Magnoliopsida,Capparales,Brassicaceae,Lepidium,Lepidium alyssoides var. alyssoides,"Biennial, Perennial","Forb/herb, Subshrub"
LEALE,Mustard family,mesa pepperwort,Plantae,Magnoliophyta,Magnoliopsida,Capparales,Brassicaceae,Lepidium,Lepidium alyssoides var. eastwoodiae,"Biennial, Perennial","Forb/herb, Subshrub"
LECR12,Mustard family,alkali pepperweed,Plantae,Magnoliophyta,Magnoliopsida,Capparales,Brassicaceae,Lepidium,Lepidium crenatum,Perennial,"Forb/herb, Subshrub"
LEDE,Mustard family,common pepperweed,Plantae,Magnoliophyta,Magnoliopsida,Capparales,Brassicaceae,Lepidium,Lepidium densiflorum,"Annual, Biennial",Forb/herb
LEIN5,Mustard family,thickleaf pepperweed,Plantae,Magnoliophyta,Magnoliopsida,Capparales,Brassicaceae,Lepidium,Lepidium integrifolium,"Biennial, Perennial","Forb/herb, Subshrub"
LEINH,Mustard family,thickleaf pepperweed,Plantae,Magnoliophyta,Magnoliopsida,Capparales,Brassicaceae,Lepidium,Lepidium integrifolium var. heterophyllum,Perennial,"Forb/herb, Subshrub"
LELA,Mustard family,shaggyfruit pepperweed,Plantae,Magnoliophyta,Magnoliopsida,Capparales,Brassicaceae,Lepidium,Lepidium lasiocarpum,"Annual, Biennial",Forb/herb
LELAL,Mustard family,shaggyfruit pepperweed,Plantae,Magnoliophyta,Magnoliopsida,Capparales,Brassicaceae,Lepidium,Lepidium lasiocarpum var. lasiocarpum,"Annual, Biennial",Forb/herb
LEMO2,Mustard family,mountain pepperweed,Plantae,Magnoliophyta,Magnoliopsida,Capparales,Brassicaceae,Lepidium,Lepidium montanum,"Biennial, Perennial","Forb/herb, Subshrub"
LEMOC6,Mustard family,mountain pepperweed,Plantae,Magnoliophyta,Magnoliopsida,Capparales,Brassicaceae,Lepidium,Lepidium montanum var. coloradense,"Biennial, Perennial","Forb/herb, Subshrub"
LEMOJ,Mustard family,Jones' pepperweed,Plantae,Magnoliophyta,Magnoliopsida,Capparales,Brassicaceae,Lepidium,Lepidium montanum var. jonesii,"Biennial, Perennial","Forb/herb, Subshrub"
LEMOM,Mustard family,mountain pepperweed,Plantae,Magnoliophyta,Magnoliopsida,Capparales,Brassicaceae,Lepidium,Lepidium montanum var. montanum,"Biennial, Perennial","Forb/herb, Subshrub"
LEMOT,Mustard family,mountain pepperweed,Plantae,Magnoliophyta,Magnoliopsida,Capparales,Brassicaceae,Lepidium,Lepidium montanum var. tenellum,"Biennial, Perennial","Forb/herb, Subshrub"
LEMOW,Mustard family,mountain pepperweed,Plantae,Magnoliophyta,Magnoliopsida,Capparales,Brassicaceae,Lepidium,Lepidium montanum var. wyomingense,"Biennial, Perennial","Forb/herb, Subshrub"
LERAD2,Mustard family,manybranched pepperweed,Plantae,Magnoliophyta,Magnoliopsida,Capparales,Brassicaceae,Lepidium,Lepidium ramosissimum var. divergens,"Annual, Biennial",Forb/herb
LEST2,Mustard family,upright pepperweed,Plantae,Magnoliophyta,Magnoliopsida,Capparales,Brassicaceae,Lepidium,Lepidium strictum,Annual,Forb/herb
LEVIM,Mustard family,intermediate pepperweed,Plantae,Magnoliophyta,Magnoliopsida,Capparales,Brassicaceae,Lepidium,Lepidium virginicum var. medium,"Annual, Biennial, Perennial",Forb/herb
LEALA5,Mustard family,alpine bladderpod,Plantae,Magnoliophyta,Magnoliopsida,Capparales,Brassicaceae,Lesquerella,Lesquerella alpina var. alpina,Perennial,Forb/herb
LEAR6,Mustard family,Great Plains bladderpod,Plantae,Magnoliophyta,Magnoliopsida,Capparales,Brassicaceae,Lesquerella,Lesquerella arenosa,"Biennial, Perennial",Forb/herb
LEARA,Mustard family,Great Plains bladderpod,Plantae,Magnoliophyta,Magnoliopsida,Capparales,Brassicaceae,Lesquerella,Lesquerella arenosa var. argillosa,"Biennial, Perennial",Forb/herb
LECA9,Mustard family,Rocky Mountain bladderpod,Plantae,Magnoliophyta,Magnoliopsida,Capparales,Brassicaceae,Lesquerella,Lesquerella calcicola,Perennial,Forb/herb
LECO2,Mustard family,dense bladderpod,Plantae,Magnoliophyta,Magnoliopsida,Capparales,Brassicaceae,Lesquerella,Lesquerella condensata,Perennial,Forb/herb
LECO10,Mustard family,Dudley Bluffs bladderpod,Plantae,Magnoliophyta,Magnoliopsida,Capparales,Brassicaceae,Lesquerella,Lesquerella congesta,Perennial,Forb/herb
LEFE,Mustard family,Fendler's bladderpod,Plantae,Magnoliophyta,Magnoliopsida,Capparales,Brassicaceae,Lesquerella,Lesquerella fendleri,Perennial,Forb/herb
LEMO3,Mustard family,mountain bladderpod,Plantae,Magnoliophyta,Magnoliopsida,Capparales,Brassicaceae,Lesquerella,Lesquerella montana,Perennial,Forb/herb
LEOV,Mustard family,roundleaf bladderpod,Plantae,Magnoliophyta,Magnoliopsida,Capparales,Brassicaceae,Lesquerella,Lesquerella ovalifolia,Perennial,Forb/herb
LEOVO,Mustard family,roundleaf bladderpod,Plantae,Magnoliophyta,Magnoliopsida,Capparales,Brassicaceae,Lesquerella,Lesquerella ovalifolia ssp. ovalifolia,Perennial,Forb/herb
LEPA10,Mustard family,Piceance bladderpod,Plantae,Magnoliophyta,Magnoliopsida,Capparales,Brassicaceae,Lesquerella,Lesquerella parviflora,Perennial,Forb/herb
LEPA7,Mustard family,pygmy bladderpod,Plantae,Magnoliophyta,Magnoliopsida,Capparales,Brassicaceae,Lesquerella,Lesquerella parvula,Perennial,Forb/herb
LEPR2,Mustard family,Pagosa Springs bladderpod,Plantae,Magnoliophyta,Magnoliopsida,Capparales,Brassicaceae,Lesquerella,Lesquerella pruinosa,Perennial,Forb/herb
LESU,Mustard family,parasol bladderpod,Plantae,Magnoliophyta,Magnoliopsida,Capparales,Brassicaceae,Lesquerella,Lesquerella subumbellata,Perennial,Forb/herb
LEVI22,Mustard family,Uncompahgre bladderpod,Plantae,Magnoliophyta,Magnoliopsida,Capparales,Brassicaceae,Lesquerella,Lesquerella vicina,Perennial,Forb/herb
NOFE3,Mustard family,Fendler's pennycress,Plantae,Magnoliophyta,Magnoliopsida,Capparales,Brassicaceae,Noccaea,Noccaea fendleri,Perennial,Forb/herb
NOFEG,Mustard family,alpine pennycress,Plantae,Magnoliophyta,Magnoliopsida,Capparales,Brassicaceae,Noccaea,Noccaea fendleri ssp. glauca,Perennial,Forb/herb
PELO3,Mustard family,longleaf mock thelypody,Plantae,Magnoliophyta,Magnoliopsida,Capparales,Brassicaceae,Pennellia,Pennellia longifolia,"Biennial, Perennial",Forb/herb
PEMI7,Mustard family,mountain mock thelypody,Plantae,Magnoliophyta,Magnoliopsida,Capparales,Brassicaceae,Pennellia,Pennellia micrantha,"Biennial, Perennial",Forb/herb
PHAC4,Mustard family,sharpleaf twinpod,Plantae,Magnoliophyta,Magnoliopsida,Capparales,Brassicaceae,Physaria,Physaria acutifolia,Perennial,Forb/herb
PHACA,Mustard family,sharpleaf twinpod,Plantae,Magnoliophyta,Magnoliopsida,Capparales,Brassicaceae,Physaria,Physaria acutifolia var. acutifolia,Perennial,Forb/herb
PHAL10,Mustard family,Avery Peak twinpod,Plantae,Magnoliophyta,Magnoliopsida,Capparales,Brassicaceae,Physaria,Physaria alpina,Perennial,Forb/herb
PHBE2,Mustard family,Front Range twinpod,Plantae,Magnoliophyta,Magnoliopsida,Capparales,Brassicaceae,Physaria,Physaria bellii,Perennial,Forb/herb
PHFL3,Mustard family,pointtip twinpod,Plantae,Magnoliophyta,Magnoliopsida,Capparales,Brassicaceae,Physaria,Physaria floribunda,Perennial,Forb/herb
PHFLF2,Mustard family,pointtip twinpod,Plantae,Magnoliophyta,Magnoliopsida,Capparales,Brassicaceae,Physaria,Physaria floribunda var. floribunda,Perennial,Forb/herb
PHFLO2,Mustard family,pointtip twinpod,Plantae,Magnoliophyta,Magnoliopsida,Capparales,Brassicaceae,Physaria,Physaria floribunda var. osterhoutii,Perennial,Forb/herb
PHOB,Mustard family,Dudley Bluffs twinpod,Plantae,Magnoliophyta,Magnoliopsida,Capparales,Brassicaceae,Physaria,Physaria obcordata,Perennial,Forb/herb
PHRE9,Mustard family,straight bladderpod,Plantae,Magnoliophyta,Magnoliopsida,Capparales,Brassicaceae,Physaria,Physaria rectipes,Perennial,Forb/herb
PHRO4,Mustard family,Rollins' twinpod,Plantae,Magnoliophyta,Magnoliopsida,Capparales,Brassicaceae,Physaria,Physaria rollinsii,Perennial,Forb/herb
PHSC,Mustard family,silver twinpod,Plantae,Magnoliophyta,Magnoliopsida,Capparales,Brassicaceae,Physaria,Physaria scrotiformis,Perennial,Forb/herb
PHVI7,Mustard family,roundtip twinpod,Plantae,Magnoliophyta,Magnoliopsida,Capparales,Brassicaceae,Physaria,Physaria vitulifera,Perennial,Forb/herb
ROAL,Mustard family,alpine yellowcress,Plantae,Magnoliophyta,Magnoliopsida,Capparales,Brassicaceae,Rorippa,Rorippa alpina,Annual,Forb/herb
ROCO2,Mustard family,San Luis yellowcress,Plantae,Magnoliophyta,Magnoliopsida,Capparales,Brassicaceae,Rorippa,Rorippa coloradensis,Perennial,Forb/herb
ROSP4,Mustard family,roundfruit yellowcress,Plantae,Magnoliophyta,Magnoliopsida,Capparales,Brassicaceae,Rorippa,Rorippa sphaerocarpa,Annual,Forb/herb
SCLI12,Mustard family,slimleaf plainsmustard,Plantae,Magnoliophyta,Magnoliopsida,Capparales,Brassicaceae,Schoenocrambe,Schoenocrambe linearifolia,Perennial,"Forb/herb, Subshrub"
STAL2,Mustard family,white princesplume,Plantae,Magnoliophyta,Magnoliopsida,Capparales,Brassicaceae,Stanleya,Stanleya albescens,"Biennial, Perennial",Forb/herb
STPI,Mustard family,desert princesplume,Plantae,Magnoliophyta,Magnoliopsida,Capparales,Brassicaceae,Stanleya,Stanleya pinnata,Perennial,"Forb/herb, Subshrub"
STPIB,Mustard family,bipinnate princesplume,Plantae,Magnoliophyta,Magnoliopsida,Capparales,Brassicaceae,Stanleya,Stanleya pinnata var. bipinnata,Perennial,"Forb/herb, Subshrub"
STPII,Mustard family,golden princesplume,Plantae,Magnoliophyta,Magnoliopsida,Capparales,Brassicaceae,Stanleya,Stanleya pinnata var. integrifolia,Perennial,"Forb/herb, Subshrub"
STPIP,Mustard family,desert princesplume,Plantae,Magnoliophyta,Magnoliopsida,Capparales,Brassicaceae,Stanleya,Stanleya pinnata var. pinnata,Perennial,"Forb/herb, Subshrub"
STVI,Mustard family,green princesplume,Plantae,Magnoliophyta,Magnoliopsida,Capparales,Brassicaceae,Stanleya,Stanleya viridiflora,Perennial,Forb/herb
STLO4,Mustard family,longbeak streptanthella,Plantae,Magnoliophyta,Magnoliopsida,Capparales,Brassicaceae,Streptanthella,Streptanthella longirostris,"Annual, Biennial",Forb/herb
STCO6,Mustard family,heartleaf twistflower,Plantae,Magnoliophyta,Magnoliopsida,Capparales,Brassicaceae,Streptanthus,Streptanthus cordatus,"Biennial, Perennial","Forb/herb, Subshrub"
STCOC,Mustard family,heartleaf twistflower,Plantae,Magnoliophyta,Magnoliopsida,Capparales,Brassicaceae,Streptanthus,Streptanthus cordatus var. cordatus,"Biennial, Perennial","Forb/herb, Subshrub"
THAU3,Mustard family,Durango tumblemustard,Plantae,Magnoliophyta,Magnoliopsida,Capparales,Brassicaceae,Thelypodiopsis,Thelypodiopsis aurea,"Biennial, Perennial",Forb/herb
THEL,Mustard family,Westwater tumblemustard,Plantae,Magnoliophyta,Magnoliopsida,Capparales,Brassicaceae,Thelypodiopsis,Thelypodiopsis elegans,"Annual, Biennial",Forb/herb
THJU,Mustard family,juniper tumblemustard,Plantae,Magnoliophyta,Magnoliopsida,Capparales,Brassicaceae,Thelypodiopsis,Thelypodiopsis juniperorum,Annual,Forb/herb
THIN,Mustard family,entireleaved thelypody,Plantae,Magnoliophyta,Magnoliopsida,Capparales,Brassicaceae,Thelypodium,Thelypodium integrifolium,Biennial,Forb/herb
THING2,Mustard family,entireleaved thelypody,Plantae,Magnoliophyta,Magnoliopsida,Capparales,Brassicaceae,Thelypodium,Thelypodium integrifolium ssp. gracilipes,Biennial,Forb/herb
THINI,Mustard family,entireleaved thelypody,Plantae,Magnoliophyta,Magnoliopsida,Capparales,Brassicaceae,Thelypodium,Thelypodium integrifolium ssp. integrifolium,Biennial,Forb/herb
THLA4,Mustard family,droopflower thelypody,Plantae,Magnoliophyta,Magnoliopsida,Capparales,Brassicaceae,Thelypodium,Thelypodium laxiflorum,"Biennial, Perennial",Forb/herb
THPA6,Mustard family,northwestern thelypody,Plantae,Magnoliophyta,Magnoliopsida,Capparales,Brassicaceae,Thelypodium,Thelypodium paniculatum,"Biennial, Perennial",Forb/herb
THSA2,Mustard family,arrow thelypody,Plantae,Magnoliophyta,Magnoliopsida,Capparales,Brassicaceae,Thelypodium,Thelypodium sagittatum,"Biennial, Perennial",Forb/herb
THSAS,Mustard family,arrow thelypody,Plantae,Magnoliophyta,Magnoliopsida,Capparales,Brassicaceae,Thelypodium,Thelypodium sagittatum ssp. sagittatum,"Biennial, Perennial",Forb/herb
THWR,Mustard family,Wright's thelypody,Plantae,Magnoliophyta,Magnoliopsida,Capparales,Brassicaceae,Thelypodium,Thelypodium wrightii,"Biennial, Perennial",Forb/herb
THWRO,Mustard family,Oklahoma thelypody,Plantae,Magnoliophyta,Magnoliopsida,Capparales,Brassicaceae,Thelypodium,Thelypodium wrightii ssp. oklahomense,"Biennial, Perennial",Forb/herb
CYIM2,Cactus family,tree cholla,Plantae,Magnoliophyta,Magnoliopsida,Caryophyllales,Cactaceae,Cylindropuntia,Cylindropuntia imbricata,Perennial,"Shrub, Tree"
CYIMI,Cactus family,tree cholla,Plantae,Magnoliophyta,Magnoliopsida,Caryophyllales,Cactaceae,Cylindropuntia,Cylindropuntia imbricata var. imbricata,Perennial,"Shrub, Tree"
CYWH,Cactus family,Whipple cholla,Plantae,Magnoliophyta,Magnoliopsida,Caryophyllales,Cactaceae,Cylindropuntia,Cylindropuntia whipplei,Perennial,Shrub
ECCO5,Cactus family,scarlet hedgehog cactus,Plantae,Magnoliophyta,Magnoliopsida,Caryophyllales,Cactaceae,Echinocereus,Echinocereus coccineus,Perennial,Shrub
ECCOC,Cactus family,scarlet hedgehog cactus,Plantae,Magnoliophyta,Magnoliopsida,Caryophyllales,Cactaceae,Echinocereus,Echinocereus coccineus var. coccineus,Perennial,Shrub
ECFE,Cactus family,pinkflower hedgehog cactus,Plantae,Magnoliophyta,Magnoliopsida,Caryophyllales,Cactaceae,Echinocereus,Echinocereus fendleri,Perennial,Shrub
ECFEF3,Cactus family,pinkflower hedgehog cactus,Plantae,Magnoliophyta,Magnoliopsida,Caryophyllales,Cactaceae,Echinocereus,Echinocereus fendleri ssp. fendleri,Perennial,Shrub
ECRE,Cactus family,lace hedgehog cactus,Plantae,Magnoliophyta,Magnoliopsida,Caryophyllales,Cactaceae,Echinocereus,Echinocereus reichenbachii,Perennial,Shrub
ECREP2,Cactus family,lace hedgehog cactus,Plantae,Magnoliophyta,Magnoliopsida,Caryophyllales,Cactaceae,Echinocereus,Echinocereus reichenbachii ssp. perbellus,Perennial,Shrub
ECTR,Cactus family,kingcup cactus,Plantae,Magnoliophyta,Magnoliopsida,Caryophyllales,Cactaceae,Echinocereus,Echinocereus triglochidiatus,Perennial,Shrub
ECTRT,Cactus family,kingcup cactus,Plantae,Magnoliophyta,Magnoliopsida,Caryophyllales,Cactaceae,Echinocereus,Echinocereus triglochidiatus var. triglochidiatus,Perennial,Shrub
ECVI2,Cactus family,nylon hedgehog cactus,Plantae,Magnoliophyta,Magnoliopsida,Caryophyllales,Cactaceae,Echinocereus,Echinocereus viridiflorus,Perennial,Shrub
ECVIV,Cactus family,nylon hedgehog cactus,Plantae,Magnoliophyta,Magnoliopsida,Caryophyllales,Cactaceae,Echinocereus,Echinocereus viridiflorus var. viridiflorus,Perennial,Shrub
ESMI3,Cactus family,Missouri foxtail cactus,Plantae,Magnoliophyta,Magnoliopsida,Caryophyllales,Cactaceae,Escobaria,Escobaria missouriensis,Perennial,Shrub
ESVIA,Cactus family,Arizona spinystar,Plantae,Magnoliophyta,Magnoliopsida,Caryophyllales,Cactaceae,Escobaria,Escobaria vivipara var. arizonica,Perennial,Shrub
ESVIR,Cactus family,spinystar,Plantae,Magnoliophyta,Magnoliopsida,Caryophyllales,Cactaceae,Escobaria,Escobaria vivipara var. radiosa,Perennial,Shrub
MAHE2,Cactus family,little nipple cactus,Plantae,Magnoliophyta,Magnoliopsida,Caryophyllales,Cactaceae,Mammillaria,Mammillaria heyderi,Perennial,Shrub
MAHEH2,Cactus family,little nipple cactus,Plantae,Magnoliophyta,Magnoliopsida,Caryophyllales,Cactaceae,Mammillaria,Mammillaria heyderi var. heyderi,Perennial,Shrub
OPCY,Cactus family,grassland pricklypear,Plantae,Magnoliophyta,Magnoliopsida,Caryophyllales,Cactaceae,Opuntia,Opuntia cymochila,Perennial,Shrub
OPMA2,Cactus family,twistspine pricklypear,Plantae,Magnoliophyta,Magnoliopsida,Caryophyllales,Cactaceae,Opuntia,Opuntia macrorhiza,Perennial,Shrub
OPMAM3,Cactus family,twistspine pricklypear,Plantae,Magnoliophyta,Magnoliopsida,Caryophyllales,Cactaceae,Opuntia,Opuntia macrorhiza var. macrorhiza,Perennial,Shrub
OPPH,Cactus family,tulip pricklypear,Plantae,Magnoliophyta,Magnoliopsida,Caryophyllales,Cactaceae,Opuntia,Opuntia phaeacantha,Perennial,Shrub
OPPOE,Cactus family,grizzlybear pricklypear,Plantae,Magnoliophyta,Magnoliopsida,Caryophyllales,Cactaceae,Opuntia,Opuntia polyacantha var. erinacea,Perennial,Shrub
PEKN2,Cactus family,Knowlton's miniature cactus,Plantae,Magnoliophyta,Magnoliopsida,Caryophyllales,Cactaceae,Pediocactus,Pediocactus knowltonii,Perennial,Shrub
PESI,Cactus family,mountain ball cactus,Plantae,Magnoliophyta,Magnoliopsida,Caryophyllales,Cactaceae,Pediocactus,Pediocactus simpsonii,Perennial,Shrub
PESIM,Cactus family,mountain ball cactus,Plantae,Magnoliophyta,Magnoliopsida,Caryophyllales,Cactaceae,Pediocactus,Pediocactus simpsonii var. minor,Perennial,Shrub
PESIS,Cactus family,mountain ball cactus,Plantae,Magnoliophyta,Magnoliopsida,Caryophyllales,Cactaceae,Pediocactus,Pediocactus simpsonii var. simpsonii,Perennial,Shrub
SCGL3,Cactus family,Colorado hookless cactus,Plantae,Magnoliophyta,Magnoliopsida,Caryophyllales,Cactaceae,Sclerocactus,Sclerocactus glaucus,Perennial,Shrub
SCME4,Cactus family,Mesa Verde fishhook cactus,Plantae,Magnoliophyta,Magnoliopsida,Caryophyllales,Cactaceae,Sclerocactus,Sclerocactus mesae-verdae,Perennial,Shrub
SCPA9,Cactus family,smallflower fishhook cactus,Plantae,Magnoliophyta,Magnoliopsida,Caryophyllales,Cactaceae,Sclerocactus,Sclerocactus parviflorus,Perennial,Shrub
SCPAI2,Cactus family,intermediate fishhook cactus,Plantae,Magnoliophyta,Magnoliopsida,Caryophyllales,Cactaceae,Sclerocactus,Sclerocactus parviflorus ssp. intermedius,Perennial,Shrub
SCPAP,Cactus family,smallflower fishhook cactus,Plantae,Magnoliophyta,Magnoliopsida,Caryophyllales,Cactaceae,Sclerocactus,Sclerocactus parviflorus ssp. parviflorus,Perennial,Shrub
CAPA10,Bellflower family,Parry's bellflower,Plantae,Magnoliophyta,Magnoliopsida,Campanulales,Campanulaceae,Campanula,Campanula parryi,Perennial,Forb/herb
CAPAP2,Bellflower family,Parry's bellflower,Plantae,Magnoliophyta,Magnoliopsida,Campanulales,Campanulaceae,Campanula,Campanula parryi var. parryi,Perennial,Forb/herb
LOSPO,Bellflower family,lobelia,Plantae,Magnoliophyta,Magnoliopsida,Campanulales,Campanulaceae,Lobelia,Lobelia Ã—speciosa var. occidentalis,Perennial,Forb/herb
TRHO2,Bellflower family,Holzinger's Venus' looking-glass,Plantae,Magnoliophyta,Magnoliopsida,Campanulales,Campanulaceae,Triodanis,Triodanis holzingeri,Annual,Forb/herb
TRLE3,Bellflower family,slimpod Venus' looking-glass,Plantae,Magnoliophyta,Magnoliopsida,Campanulales,Campanulaceae,Triodanis,Triodanis leptocarpa,Annual,Forb/herb
CLLU2,Caper family,yellow spiderflower,Plantae,Magnoliophyta,Magnoliopsida,Capparales,Capparaceae,Cleome,Cleome lutea,Annual,Forb/herb
CLLUL,Caper family,yellow spiderflower,Plantae,Magnoliophyta,Magnoliopsida,Capparales,Capparaceae,Cleome,Cleome lutea var. lutea,Annual,Forb/herb
CLMU,Caper family,slender spiderflower,Plantae,Magnoliophyta,Magnoliopsida,Capparales,Capparaceae,Cleome,Cleome multicaulis,Annual,Forb/herb
CLAN,Caper family,narrowleaf rhombopod,Plantae,Magnoliophyta,Magnoliopsida,Capparales,Capparaceae,Cleomella,Cleomella angustifolia,Annual,Forb/herb
CLPA3,Caper family,Rocky Mountain stickweed,Plantae,Magnoliophyta,Magnoliopsida,Capparales,Capparaceae,Cleomella,Cleomella palmeriana,Annual,Forb/herb
POJA3,Caper family,James' clammyweed,Plantae,Magnoliophyta,Magnoliopsida,Capparales,Capparaceae,Polanisia,Polanisia jamesii,Annual,Forb/herb
SYLO,Honeysuckle family,desert snowberry,Plantae,Magnoliophyta,Magnoliopsida,Dipsacales,Caprifoliaceae,Symphoricarpos,Symphoricarpos longiflorus,Perennial,Shrub
SYORO,Honeysuckle family,mountain snowberry,Plantae,Magnoliophyta,Magnoliopsida,Dipsacales,Caprifoliaceae,Symphoricarpos,Symphoricarpos oreophilus var. oreophilus,Perennial,Shrub
SYPA,Honeysuckle family,Palmer's snowberry,Plantae,Magnoliophyta,Magnoliopsida,Dipsacales,Caprifoliaceae,Symphoricarpos,Symphoricarpos palmeri,Perennial,Shrub
SYRO,Honeysuckle family,roundleaf snowberry,Plantae,Magnoliophyta,Magnoliopsida,Dipsacales,Caprifoliaceae,Symphoricarpos,Symphoricarpos rotundifolius,Perennial,Shrub
SYROR,Honeysuckle family,roundleaf snowberry,Plantae,Magnoliophyta,Magnoliopsida,Dipsacales,Caprifoliaceae,Symphoricarpos,Symphoricarpos rotundifolius var. rotundifolius,Perennial,Shrub
ARCOC4,Pink family,ballhead sandwort,Plantae,Magnoliophyta,Magnoliopsida,Caryophyllales,Caryophyllaceae,Arenaria,Arenaria congesta var. congesta,Perennial,"Forb/herb, Subshrub"
AREA,Pink family,Eastwood's sandwort,Plantae,Magnoliophyta,Magnoliopsida,Caryophyllales,Caryophyllaceae,Arenaria,Arenaria eastwoodiae,Perennial,"Forb/herb, Subshrub"
AREAA,Pink family,Eastwood's sandwort,Plantae,Magnoliophyta,Magnoliopsida,Caryophyllales,Caryophyllaceae,Arenaria,Arenaria eastwoodiae var. adenophora,Perennial,"Forb/herb, Subshrub"
AREAE,Pink family,Eastwood's sandwort,Plantae,Magnoliophyta,Magnoliopsida,Caryophyllales,Caryophyllaceae,Arenaria,Arenaria eastwoodiae var. eastwoodiae,Perennial,"Forb/herb, Subshrub"
ARFE3,Pink family,Fendler's sandwort,Plantae,Magnoliophyta,Magnoliopsida,Caryophyllales,Caryophyllaceae,Arenaria,Arenaria fendleri,Perennial,Forb/herb
ARFEB,Pink family,Fendler's sandwort,Plantae,Magnoliophyta,Magnoliopsida,Caryophyllales,Caryophyllaceae,Arenaria,Arenaria fendleri var. brevifolia,Perennial,Forb/herb
ARFEF3,Pink family,Fendler's sandwort,Plantae,Magnoliophyta,Magnoliopsida,Caryophyllales,Caryophyllaceae,Arenaria,Arenaria fendleri var. fendleri,Perennial,Forb/herb
ARFEP,Pink family,Porter's sandwort,Plantae,Magnoliophyta,Magnoliopsida,Caryophyllales,Caryophyllaceae,Arenaria,Arenaria fendleri var. porteri,Perennial,Forb/herb
ARFET3,Pink family,Tweedy's sandwort,Plantae,Magnoliophyta,Magnoliopsida,Caryophyllales,Caryophyllaceae,Arenaria,Arenaria fendleri var. tweedyi,Perennial,Forb/herb
ARHO4,Pink family,Hooker's sandwort,Plantae,Magnoliophyta,Magnoliopsida,Caryophyllales,Caryophyllaceae,Arenaria,Arenaria hookeri,Perennial,"Forb/herb, Subshrub"
ARHOD,Pink family,Hooker's desert sandwort,Plantae,Magnoliophyta,Magnoliopsida,Caryophyllales,Caryophyllaceae,Arenaria,Arenaria hookeri ssp. desertorum,Perennial,"Forb/herb, Subshrub"
ARHOH3,Pink family,Hooker's sandwort,Plantae,Magnoliophyta,Magnoliopsida,Caryophyllales,Caryophyllaceae,Arenaria,Arenaria hookeri ssp. hookeri,Perennial,"Forb/herb, Subshrub"
ARHOP,Pink family,Hooker's sandwort,Plantae,Magnoliophyta,Magnoliopsida,Caryophyllales,Caryophyllaceae,Arenaria,Arenaria hookeri ssp. pinetorum,Perennial,"Forb/herb, Subshrub"
ARKI,Pink family,King's sandwort,Plantae,Magnoliophyta,Magnoliopsida,Caryophyllales,Caryophyllaceae,Arenaria,Arenaria kingii,Perennial,"Forb/herb, Subshrub"
ARKIC,Pink family,King's compact sandwort,Plantae,Magnoliophyta,Magnoliopsida,Caryophyllales,Caryophyllaceae,Arenaria,Arenaria kingii ssp. compacta,Perennial,"Forb/herb, Subshrub"
ARKIU2,Pink family,Uinta sandwort,Plantae,Magnoliophyta,Magnoliopsida,Caryophyllales,Caryophyllaceae,Arenaria,Arenaria kingii ssp. uintahensis,Perennial,"Forb/herb, Subshrub"
ARLA4,Pink family,spreading sandwort,Plantae,Magnoliophyta,Magnoliopsida,Caryophyllales,Caryophyllaceae,Arenaria,Arenaria lanuginosa,Perennial,Forb/herb
ARLAS,Pink family,spreading sandwort,Plantae,Magnoliophyta,Magnoliopsida,Caryophyllales,Caryophyllaceae,Arenaria,Arenaria lanuginosa ssp. saxosa,Perennial,Forb/herb
DREF,Pink family,pinewoods drymary,Plantae,Magnoliophyta,Magnoliopsida,Caryophyllales,Caryophyllaceae,Drymaria,Drymaria effusa,Annual,Forb/herb
DREFD,Pink family,pinewoods drymary,Plantae,Magnoliophyta,Magnoliopsida,Caryophyllales,Caryophyllaceae,Drymaria,Drymaria effusa var. depressa,Annual,Forb/herb
DRLE3,Pink family,canyon drymary,Plantae,Magnoliophyta,Magnoliopsida,Caryophyllales,Caryophyllaceae,Drymaria,Drymaria leptophylla,Annual,Forb/herb
MIMA3,Pink family,House's stitchwort,Plantae,Magnoliophyta,Magnoliopsida,Caryophyllales,Caryophyllaceae,Minuartia,Minuartia macrantha,Perennial,Forb/herb
PADE4,Pink family,spreading nailwort,Plantae,Magnoliophyta,Magnoliopsida,Caryophyllales,Caryophyllaceae,Paronychia,Paronychia depressa,Perennial,"Forb/herb, Subshrub"
PAJA,Pink family,James' nailwort,Plantae,Magnoliophyta,Magnoliopsida,Caryophyllales,Caryophyllaceae,Paronychia,Paronychia jamesii,Perennial,"Forb/herb, Subshrub"
PAPU2,Pink family,Rocky Mountain nailwort,Plantae,Magnoliophyta,Magnoliopsida,Caryophyllales,Caryophyllaceae,Paronychia,Paronychia pulvinata,Perennial,"Forb/herb, Subshrub"
PSJA2,Pink family,tuber starwort,Plantae,Magnoliophyta,Magnoliopsida,Caryophyllales,Caryophyllaceae,Pseudostellaria,Pseudostellaria jamesiana,Perennial,Forb/herb
SIDRK,Pink family,Kruckeberg's campion,Plantae,Magnoliophyta,Magnoliopsida,Caryophyllales,Caryophyllaceae,Silene,Silene drummondii var. kruckebergii,Perennial,Forb/herb
SIKI,Pink family,King's campion,Plantae,Magnoliophyta,Magnoliopsida,Caryophyllales,Caryophyllaceae,Silene,Silene kingii,Perennial,Forb/herb
STIR,Pink family,Colorado starwort,Plantae,Magnoliophyta,Magnoliopsida,Caryophyllales,Caryophyllaceae,Stellaria,Stellaria irrigua,Perennial,Forb/herb
ATARA2,Goosefoot family,silverscale saltbush,Plantae,Magnoliophyta,Magnoliopsida,Caryophyllales,Chenopodiaceae,Atriplex,Atriplex argentea ssp. argentea var. argentea,"Annual, Perennial",Forb/herb
ATARC2,Goosefoot family,stalked saltbush,Plantae,Magnoliophyta,Magnoliopsida,Caryophyllales,Chenopodiaceae,Atriplex,Atriplex argentea ssp. argentea var. caput-medusae,"Annual, Perennial",Forb/herb
ATARE,Goosefoot family,silverscale saltbush,Plantae,Magnoliophyta,Magnoliopsida,Caryophyllales,Chenopodiaceae,Atriplex,Atriplex argentea ssp. expansa,"Annual, Perennial",Forb/herb
ATCO,Goosefoot family,shadscale saltbush,Plantae,Magnoliophyta,Magnoliopsida,Caryophyllales,Chenopodiaceae,Atriplex,Atriplex confertifolia,Perennial,"Shrub, Subshrub"
ATCO4,Goosefoot family,mat saltbush,Plantae,Magnoliophyta,Magnoliopsida,Caryophyllales,Chenopodiaceae,Atriplex,Atriplex corrugata,Perennial,"Shrub, Subshrub"
ATCU,Goosefoot family,valley saltbush,Plantae,Magnoliophyta,Magnoliopsida,Caryophyllales,Chenopodiaceae,Atriplex,Atriplex cuneata,Perennial,"Shrub, Subshrub"
ATCUC,Goosefoot family,valley saltbush,Plantae,Magnoliophyta,Magnoliopsida,Caryophyllales,Chenopodiaceae,Atriplex,Atriplex cuneata ssp. cuneata,Perennial,"Shrub, Subshrub"
ATGA2,Goosefoot family,Garrett's saltbush,Plantae,Magnoliophyta,Magnoliopsida,Caryophyllales,Chenopodiaceae,Atriplex,Atriplex garrettii,Perennial,"Shrub, Subshrub"
ATGR,Goosefoot family,slenderflower saltbush,Plantae,Magnoliophyta,Magnoliopsida,Caryophyllales,Chenopodiaceae,Atriplex,Atriplex graciliflora,Perennial,Forb/herb
ATOB,Goosefoot family,mound saltbush,Plantae,Magnoliophyta,Magnoliopsida,Caryophyllales,Chenopodiaceae,Atriplex,Atriplex obovata,Perennial,"Shrub, Subshrub"
ATPA8,Goosefoot family,thickfoot saltbush,Plantae,Magnoliophyta,Magnoliopsida,Caryophyllales,Chenopodiaceae,Atriplex,Atriplex pachypoda,Annual,Forb/herb
ATSA,Goosefoot family,sack saltbush,Plantae,Magnoliophyta,Magnoliopsida,Caryophyllales,Chenopodiaceae,Atriplex,Atriplex saccaria,Annual,Forb/herb
ATSU2,Goosefoot family,saline saltbush,Plantae,Magnoliophyta,Magnoliopsida,Caryophyllales,Chenopodiaceae,Atriplex,Atriplex subspicata,Annual,Forb/herb
ATTE,Goosefoot family,slender saltbush,Plantae,Magnoliophyta,Magnoliopsida,Caryophyllales,Chenopodiaceae,Atriplex,Atriplex tenuissima,Annual,Forb/herb
ATTR3,Goosefoot family,basin saltbush,Plantae,Magnoliophyta,Magnoliopsida,Caryophyllales,Chenopodiaceae,Atriplex,Atriplex tridentata,Perennial,"Shrub, Subshrub"
ATWO,Goosefoot family,Wolf's saltweed,Plantae,Magnoliophyta,Magnoliopsida,Caryophyllales,Chenopodiaceae,Atriplex,Atriplex wolfii,Annual,Forb/herb
BAAM4,Goosefoot family,green molly,Plantae,Magnoliophyta,Magnoliopsida,Caryophyllales,Chenopodiaceae,Bassia,Bassia americana,Perennial,Subshrub
CHALM2,Goosefoot family,Missouri lambsquarters,Plantae,Magnoliophyta,Magnoliopsida,Caryophyllales,Chenopodiaceae,Chenopodium,Chenopodium album var. missouriense,Annual,Forb/herb
CHBEB2,Goosefoot family,pitseed goosefoot,Plantae,Magnoliophyta,Magnoliopsida,Caryophyllales,Chenopodiaceae,Chenopodium,Chenopodium berlandieri var. berlandieri,Annual,Forb/herb
CHBEB,Goosefoot family,pitseed goosefoot,Plantae,Magnoliophyta,Magnoliopsida,Caryophyllales,Chenopodiaceae,Chenopodium,Chenopodium berlandieri var. boscianum,Annual,Forb/herb
CHCY,Goosefoot family,sandhill goosefoot,Plantae,Magnoliophyta,Magnoliopsida,Caryophyllales,Chenopodiaceae,Chenopodium,Chenopodium cycloides,Annual,Forb/herb
CHOV,Goosefoot family,Over's goosefoot,Plantae,Magnoliophyta,Magnoliopsida,Caryophyllales,Chenopodiaceae,Chenopodium,Chenopodium overi,Annual,Forb/herb
COAMR,Goosefoot family,American bugseed,Plantae,Magnoliophyta,Magnoliopsida,Caryophyllales,Chenopodiaceae,Corispermum,Corispermum americanum var. rydbergii,Annual,Forb/herb
CONA4,Goosefoot family,crescent bugseed,Plantae,Magnoliophyta,Magnoliopsida,Caryophyllales,Chenopodiaceae,Corispermum,Corispermum navicula,Annual,Forb/herb
COWE,Goosefoot family,Welsh's bugseed,Plantae,Magnoliophyta,Magnoliopsida,Caryophyllales,Chenopodiaceae,Corispermum,Corispermum welshii,Annual,Forb/herb
DYGR,Goosefoot family,fetid goosefoot,Plantae,Magnoliophyta,Magnoliopsida,Caryophyllales,Chenopodiaceae,Dysphania,Dysphania graveolens,Annual,Forb/herb
GRSP,Goosefoot family,spiny hopsage,Plantae,Magnoliophyta,Magnoliopsida,Caryophyllales,Chenopodiaceae,Grayia,Grayia spinosa,Perennial,"Shrub, Subshrub"
MOPU3,Goosefoot family,small povertyweed,Plantae,Magnoliophyta,Magnoliopsida,Caryophyllales,Chenopodiaceae,Monolepis,Monolepis pusilla,Annual,Forb/herb
PRPL2,Goosefoot family,Mancos shadscale,Plantae,Magnoliophyta,Magnoliopsida,Caryophyllales,Chenopodiaceae,Proatriplex,Proatriplex pleiantha,Annual,Forb/herb
ZUBR,Goosefoot family,siltbush,Plantae,Magnoliophyta,Magnoliopsida,Caryophyllales,Chenopodiaceae,Zuckia,Zuckia brandegeei,Perennial,"Shrub, Subshrub"
ZUBRB,Goosefoot family,siltbush,Plantae,Magnoliophyta,Magnoliopsida,Caryophyllales,Chenopodiaceae,Zuckia,Zuckia brandegeei var. brandegeei,Perennial,"Shrub, Subshrub"
ZUBRP,Goosefoot family,Plummer's siltbush,Plantae,Magnoliophyta,Magnoliopsida,Caryophyllales,Chenopodiaceae,Zuckia,Zuckia brandegeei var. plummeri,Perennial,"Shrub, Subshrub"
CAMA23,Morning-glory family,Macoun's false bindweed,Plantae,Magnoliophyta,Magnoliopsida,Solanales,Convolvulaceae,Calystegia,Calystegia macounii,Perennial,"Forb/herb, Vine"
COEQ,Morning-glory family,Texas bindweed,Plantae,Magnoliophyta,Magnoliopsida,Solanales,Convolvulaceae,Convolvulus,Convolvulus equitans,"Annual, Perennial","Forb/herb, Vine"
EVNU,Morning-glory family,shaggy dwarf morning-glory,Plantae,Magnoliophyta,Magnoliopsida,Solanales,Convolvulaceae,Evolvulus,Evolvulus nuttallianus,Perennial,"Forb/herb, Subshrub"
IPLE,Morning-glory family,bush morning-glory,Plantae,Magnoliophyta,Magnoliopsida,Solanales,Convolvulaceae,Ipomoea,Ipomoea leptophylla,Perennial,Forb/herb
CRDR,Stonecrop family,small-leaf pygmyweed,Plantae,Magnoliophyta,Magnoliopsida,Rosales,Crassulaceae,Crassula,Crassula drummondii,Annual,Forb/herb
RHINP,Stonecrop family,ledge stonecrop,Plantae,Magnoliophyta,Magnoliopsida,Rosales,Crassulaceae,Rhodiola,Rhodiola integrifolia ssp. procera,Perennial,Forb/herb
RHRH4,Stonecrop family,redpod stonecrop,Plantae,Magnoliophyta,Magnoliopsida,Rosales,Crassulaceae,Rhodiola,Rhodiola rhodantha,Perennial,Forb/herb
SELAS,Stonecrop family,subalpine stonecrop,Plantae,Magnoliophyta,Magnoliopsida,Rosales,Crassulaceae,Sedum,Sedum lanceolatum ssp. subalpinum,Perennial,Forb/herb
GLSP,Crossosoma family,spiny greasebush,Plantae,Magnoliophyta,Magnoliopsida,Rosales,Crossosomataceae,Glossopetalon,Glossopetalon spinescens,Perennial,"Shrub, Subshrub"
GLSPM,Crossosoma family,spiny greasebush,Plantae,Magnoliophyta,Magnoliopsida,Rosales,Crossosomataceae,Glossopetalon,Glossopetalon spinescens var. meionandrum,Perennial,"Shrub, Subshrub"
GLSPP2,Crossosoma family,plains greasebush,Plantae,Magnoliophyta,Magnoliopsida,Rosales,Crossosomataceae,Glossopetalon,Glossopetalon spinescens var. planitierum,Perennial,"Shrub, Subshrub"
CUFO,Cucumber family,Missouri gourd,Plantae,Magnoliophyta,Magnoliopsida,Violales,Cucurbitaceae,Cucurbita,Cucurbita foetidissima,Perennial,"Forb/herb, Vine"
CYNA5,Cucumber family,Naudin's cyclanthera,Plantae,Magnoliophyta,Magnoliopsida,Violales,Cucurbitaceae,Cyclanthera,Cyclanthera naudiniana,Annual,"Forb/herb, Vine"
CUCA,Dodder family,chaparral dodder,Plantae,Magnoliophyta,Magnoliopsida,Solanales,Cuscutaceae,Cuscuta,Cuscuta californica,Perennial,"Forb/herb, Vine"
CUCAB,Dodder family,chaparral dodder,Plantae,Magnoliophyta,Magnoliopsida,Solanales,Cuscutaceae,Cuscuta,Cuscuta californica var. breviflora,Perennial,"Forb/herb, Vine"
CUCU2,Dodder family,cusp dodder,Plantae,Magnoliophyta,Magnoliopsida,Solanales,Cuscutaceae,Cuscuta,Cuscuta cuspidata,Perennial,"Forb/herb, Vine"
CUDE2,Dodder family,desert dodder,Plantae,Magnoliophyta,Magnoliopsida,Solanales,Cuscutaceae,Cuscuta,Cuscuta denticulata,Perennial,"Forb/herb, Vine"
CUDED,Dodder family,desert dodder,Plantae,Magnoliophyta,Magnoliopsida,Solanales,Cuscutaceae,Cuscuta,Cuscuta denticulata var. denticulata,Perennial,"Forb/herb, Vine"
CUINI,Dodder family,bigseed alfalfa dodder,Plantae,Magnoliophyta,Magnoliopsida,Solanales,Cuscutaceae,Cuscuta,Cuscuta indecora var. indecora,Perennial,"Forb/herb, Vine"
CUUM,Dodder family,flatglobe dodder,Plantae,Magnoliophyta,Magnoliopsida,Solanales,Cuscutaceae,Cuscuta,Cuscuta umbellata,Annual,"Forb/herb, Vine"
BETE,Waterwort family,Texas bergia,Plantae,Magnoliophyta,Magnoliopsida,Theales,Elatinaceae,Bergia,Bergia texana,"Annual, Perennial",Forb/herb
ELBR5,Waterwort family,shortseed waterwort,Plantae,Magnoliophyta,Magnoliopsida,Theales,Elatinaceae,Elatine,Elatine brachysperma,Annual,Forb/herb
ARCO23,Heath family,manzanita,Plantae,Magnoliophyta,Magnoliopsida,Ericales,Ericaceae,Arctostaphylos,Arctostaphylos Ã—coloradensis,Perennial,Shrub
ARPA6,Heath family,greenleaf manzanita,Plantae,Magnoliophyta,Magnoliopsida,Ericales,Ericaceae,Arctostaphylos,Arctostaphylos patula,Perennial,Shrub
RHALW,Heath family,Cascade azalea,Plantae,Magnoliophyta,Magnoliopsida,Ericales,Ericaceae,Rhododendron,Rhododendron albiflorum var. warrenii,Perennial,Shrub
ARHU5,Spurge family,low silverbush,Plantae,Magnoliophyta,Magnoliopsida,Euphorbiales,Euphorbiaceae,Argythamnia,Argythamnia humilis,Perennial,"Forb/herb, Subshrub"
ARHUH,Spurge family,low silverbush,Plantae,Magnoliophyta,Magnoliopsida,Euphorbiales,Euphorbiaceae,Argythamnia,Argythamnia humilis var. humilis,Perennial,"Forb/herb, Subshrub"
ARME5,Spurge family,tall silverbush,Plantae,Magnoliophyta,Magnoliopsida,Euphorbiales,Euphorbiaceae,Argythamnia,Argythamnia mercurialina,Perennial,"Forb/herb, Subshrub"
ARMEM,Spurge family,tall silverbush,Plantae,Magnoliophyta,Magnoliopsida,Euphorbiales,Euphorbiaceae,Argythamnia,Argythamnia mercurialina var. mercurialina,Perennial,"Forb/herb, Subshrub"
CHFE3,Spurge family,Fendler's sandmat,Plantae,Magnoliophyta,Magnoliopsida,Euphorbiales,Euphorbiaceae,Chamaesyce,Chamaesyce fendleri,Perennial,"Forb/herb, Subshrub"
CHLA10,Spurge family,hoary sandmat,Plantae,Magnoliophyta,Magnoliopsida,Euphorbiales,Euphorbiaceae,Chamaesyce,Chamaesyce lata,Perennial,Forb/herb
CHMI8,Spurge family,prairie sandmat,Plantae,Magnoliophyta,Magnoliopsida,Euphorbiales,Euphorbiaceae,Chamaesyce,Chamaesyce missurica,Annual,Forb/herb
CHPA28,Spurge family,Parry's sandmat,Plantae,Magnoliophyta,Magnoliopsida,Euphorbiales,Euphorbiaceae,Chamaesyce,Chamaesyce parryi,Annual,Forb/herb
CHPR6,Spurge family,prostrate sandmat,Plantae,Magnoliophyta,Magnoliopsida,Euphorbiales,Euphorbiaceae,Chamaesyce,Chamaesyce prostrata,"Annual, Perennial",Forb/herb
CHRE4,Spurge family,threadstem sandmat,Plantae,Magnoliophyta,Magnoliopsida,Euphorbiales,Euphorbiaceae,Chamaesyce,Chamaesyce revoluta,Annual,Forb/herb
CHST8,Spurge family,slimseed sandmat,Plantae,Magnoliophyta,Magnoliopsida,Euphorbiales,Euphorbiaceae,Chamaesyce,Chamaesyce stictospora,Annual,Forb/herb
CRTE4,Spurge family,Texas croton,Plantae,Magnoliophyta,Magnoliopsida,Euphorbiales,Euphorbiaceae,Croton,Croton texensis,Annual,Forb/herb
CRTET,Spurge family,Texas croton,Plantae,Magnoliophyta,Magnoliopsida,Euphorbiales,Euphorbiaceae,Croton,Croton texensis var. texensis,Annual,Forb/herb
EUBR,Spurge family,horned spurge,Plantae,Magnoliophyta,Magnoliopsida,Euphorbiales,Euphorbiaceae,Euphorbia,Euphorbia brachycera,Perennial,Forb/herb
EUCR2,Spurge family,Chinese caps,Plantae,Magnoliophyta,Magnoliopsida,Euphorbiales,Euphorbiaceae,Euphorbia,Euphorbia crenulata,"Annual, Biennial",Forb/herb
EUDE4,Spurge family,toothed spurge,Plantae,Magnoliophyta,Magnoliopsida,Euphorbiales,Euphorbiaceae,Euphorbia,Euphorbia dentata,Annual,Forb/herb
EUDED,Spurge family,toothed spurge,Plantae,Magnoliophyta,Magnoliopsida,Euphorbiales,Euphorbiaceae,Euphorbia,Euphorbia dentata var. dentata,Annual,Forb/herb
EUHE5,Spurge family,sixangle spurge,Plantae,Magnoliophyta,Magnoliopsida,Euphorbiales,Euphorbiaceae,Euphorbia,Euphorbia hexagona,Annual,Forb/herb
EUNE2,Spurge family,Paria spurge,Plantae,Magnoliophyta,Magnoliopsida,Euphorbiales,Euphorbiaceae,Euphorbia,Euphorbia nephradenia,Annual,Forb/herb
EUSC6,Spurge family,Mojave spurge,Plantae,Magnoliophyta,Magnoliopsida,Euphorbiales,Euphorbiaceae,Euphorbia,Euphorbia schizoloba,Perennial,Forb/herb
REAR,Spurge family,sand reverchonia,Plantae,Magnoliophyta,Magnoliopsida,Euphorbiales,Euphorbiaceae,Reverchonia,Reverchonia arenaria,Annual,Forb/herb
STSY,Spurge family,queen's-delight,Plantae,Magnoliophyta,Magnoliopsida,Euphorbiales,Euphorbiaceae,Stillingia,Stillingia sylvatica,Perennial,Forb/herb
STSYS2,Spurge family,queen's-delight,Plantae,Magnoliophyta,Magnoliopsida,Euphorbiales,Euphorbiaceae,Stillingia,Stillingia sylvatica ssp. sylvatica,Perennial,Forb/herb
TRRA5,Spurge family,branched noseburn,Plantae,Magnoliophyta,Magnoliopsida,Euphorbiales,Euphorbiaceae,Tragia,Tragia ramosa,Perennial,"Shrub, Subshrub, Vine"
ASAM5,Pea family,Crescent milkvetch,Plantae,Magnoliophyta,Magnoliopsida,Fabales,Fabaceae,Astragalus,Astragalus amphioxys,"Annual, Perennial",Forb/herb
ASAMV,Pea family,Aladdin's slippers,Plantae,Magnoliophyta,Magnoliopsida,Fabales,Fabaceae,Astragalus,Astragalus amphioxys var. vespertinus,"Annual, Perennial",Forb/herb
ASAN4,Pea family,Gunnison milkvetch,Plantae,Magnoliophyta,Magnoliopsida,Fabales,Fabaceae,Astragalus,Astragalus anisus,Perennial,Forb/herb
ASAR3,Pea family,cushion milkvetch,Plantae,Magnoliophyta,Magnoliopsida,Fabales,Fabaceae,Astragalus,Astragalus aretioides,Perennial,Forb/herb
ASAR4,Pea family,silverleaf milkvetch,Plantae,Magnoliophyta,Magnoliopsida,Fabales,Fabaceae,Astragalus,Astragalus argophyllus,Perennial,Forb/herb
ASARM,Pea family,silverleaf milkvetch,Plantae,Magnoliophyta,Magnoliopsida,Fabales,Fabaceae,Astragalus,Astragalus argophyllus var. martinii,Perennial,Forb/herb
ASAS2,Pea family,milkweed milkvetch,Plantae,Magnoliophyta,Magnoliopsida,Fabales,Fabaceae,Astragalus,Astragalus asclepiadoides,Perennial,Forb/herb
ASBIB,Pea family,twogrooved milkvetch,Plantae,Magnoliophyta,Magnoliopsida,Fabales,Fabaceae,Astragalus,Astragalus bisulcatus var. bisulcatus,Perennial,Forb/herb
ASBIH,Pea family,Hayden's milkvetch,Plantae,Magnoliophyta,Magnoliopsida,Fabales,Fabaceae,Astragalus,Astragalus bisulcatus var. haydenianus,Perennial,Forb/herb
ASBIM,Pea family,twogrooved milkvetch,Plantae,Magnoliophyta,Magnoliopsida,Fabales,Fabaceae,Astragalus,Astragalus bisulcatus var. major,Perennial,Forb/herb
ASBR5,Pea family,Brandegee's milkvetch,Plantae,Magnoliophyta,Magnoliopsida,Fabales,Fabaceae,Astragalus,Astragalus brandegeei,Perennial,"Forb/herb, Subshrub"
ASCA9,Pea family,Torrey's milkvetch,Plantae,Magnoliophyta,Magnoliopsida,Fabales,Fabaceae,Astragalus,Astragalus calycosus,Perennial,Forb/herb
ASCAC5,Pea family,Torrey's milkvetch,Plantae,Magnoliophyta,Magnoliopsida,Fabales,Fabaceae,Astragalus,Astragalus calycosus var. calycosus,Perennial,Forb/herb
ASCAS,Pea family,Torrey's milkvetch,Plantae,Magnoliophyta,Magnoliopsida,Fabales,Fabaceae,Astragalus,Astragalus calycosus var. scaposus,Perennial,Forb/herb
ASCE,Pea family,painted milkvetch,Plantae,Magnoliophyta,Magnoliopsida,Fabales,Fabaceae,Astragalus,Astragalus ceramicus,Perennial,Forb/herb
ASCEC,Pea family,painted milkvetch,Plantae,Magnoliophyta,Magnoliopsida,Fabales,Fabaceae,Astragalus,Astragalus ceramicus var. ceramicus,Perennial,Forb/herb
ASCEF,Pea family,painted milkvetch,Plantae,Magnoliophyta,Magnoliopsida,Fabales,Fabaceae,Astragalus,Astragalus ceramicus var. filifolius,Perennial,Forb/herb
ASCE2,Pea family,powdery milkvetch,Plantae,Magnoliophyta,Magnoliopsida,Fabales,Fabaceae,Astragalus,Astragalus cerussatus,"Annual, Perennial",Forb/herb
ASCH4,Pea family,cicada milkvetch,Plantae,Magnoliophyta,Magnoliopsida,Fabales,Fabaceae,Astragalus,Astragalus chamaeleuce,Perennial,Forb/herb
ASCHC2,Pea family,cicada milkvetch,Plantae,Magnoliophyta,Magnoliopsida,Fabales,Fabaceae,Astragalus,Astragalus chamaeleuce var. chamaeleuce,Perennial,Forb/herb
ASCI2,Pea family,browse milkvetch,Plantae,Magnoliophyta,Magnoliopsida,Fabales,Fabaceae,Astragalus,Astragalus cibarius,Perennial,Forb/herb
ASCO8,Pea family,Colton's milkvetch,Plantae,Magnoliophyta,Magnoliopsida,Fabales,Fabaceae,Astragalus,Astragalus coltonii,Perennial,Forb/herb
ASCOM2,Pea family,Moab milkvetch,Plantae,Magnoliophyta,Magnoliopsida,Fabales,Fabaceae,Astragalus,Astragalus coltonii var. moabensis,Perennial,Forb/herb
ASCO12,Pea family,lesser rushy milkvetch,Plantae,Magnoliophyta,Magnoliopsida,Fabales,Fabaceae,Astragalus,Astragalus convallarius,Perennial,Forb/herb
ASCOC9,Pea family,lesser rushy milkvetch,Plantae,Magnoliophyta,Magnoliopsida,Fabales,Fabaceae,Astragalus,Astragalus convallarius var. convallarius,Perennial,Forb/herb
ASCOS,Pea family,lesser rushy milkvetch,Plantae,Magnoliophyta,Magnoliopsida,Fabales,Fabaceae,Astragalus,Astragalus convallarius var. scopulorum,Perennial,Forb/herb
ASCRP,Pea family,groundplum milkvetch,Plantae,Magnoliophyta,Magnoliopsida,Fabales,Fabaceae,Astragalus,Astragalus crassicarpus var. paysonii,Perennial,Forb/herb
ASCR4,Pea family,Cronquist's milkvetch,Plantae,Magnoliophyta,Magnoliopsida,Fabales,Fabaceae,Astragalus,Astragalus cronquistii,Perennial,Forb/herb
ASDE11,Pea family,Debeque milkvetch,Plantae,Magnoliophyta,Magnoliopsida,Fabales,Fabaceae,Astragalus,Astragalus debequaeus,Perennial,Forb/herb
ASDE3,Pea family,rimrock milkvetch,Plantae,Magnoliophyta,Magnoliopsida,Fabales,Fabaceae,Astragalus,Astragalus desperatus,Perennial,"Forb/herb, Subshrub"
ASDED,Pea family,rimrock milkvetch,Plantae,Magnoliophyta,Magnoliopsida,Fabales,Fabaceae,Astragalus,Astragalus desperatus var. desperatus,Perennial,"Forb/herb, Subshrub"
ASDEN,Pea family,Elizabeth's milkvetch,Plantae,Magnoliophyta,Magnoliopsida,Fabales,Fabaceae,Astragalus,Astragalus desperatus var. neeseae,Perennial,"Forb/herb, Subshrub"
ASDE4,Pea family,Cliff Palace milkvetch,Plantae,Magnoliophyta,Magnoliopsida,Fabales,Fabaceae,Astragalus,Astragalus deterior,Perennial,Forb/herb
ASDE5,Pea family,debris milkvetch,Plantae,Magnoliophyta,Magnoliopsida,Fabales,Fabaceae,Astragalus,Astragalus detritalis,Perennial,Forb/herb
ASDU2,Pea family,Duchesne milkvetch,Plantae,Magnoliophyta,Magnoliopsida,Fabales,Fabaceae,Astragalus,Astragalus duchesnensis,Perennial,Forb/herb
ASEA2,Pea family,Eastwood's milkvetch,Plantae,Magnoliophyta,Magnoliopsida,Fabales,Fabaceae,Astragalus,Astragalus eastwoodiae,Perennial,Forb/herb
ASFL,Pea family,yellow milkvetch,Plantae,Magnoliophyta,Magnoliopsida,Fabales,Fabaceae,Astragalus,Astragalus flavus,Perennial,Forb/herb
ASFLD,Pea family,Diehl's milkvetch,Plantae,Magnoliophyta,Magnoliopsida,Fabales,Fabaceae,Astragalus,Astragalus flexuosus var. diehlii,Perennial,Forb/herb
ASFLG,Pea family,Greene's milkvetch,Plantae,Magnoliophyta,Magnoliopsida,Fabales,Fabaceae,Astragalus,Astragalus flexuosus var. greenei,Perennial,Forb/herb
ASFU2,Pea family,Hopi milkvetch,Plantae,Magnoliophyta,Magnoliopsida,Fabales,Fabaceae,Astragalus,Astragalus fucatus,Perennial,Forb/herb
ASGE,Pea family,Geyer's milkvetch,Plantae,Magnoliophyta,Magnoliopsida,Fabales,Fabaceae,Astragalus,Astragalus geyeri,"Annual, Biennial",Forb/herb
ASGEG,Pea family,Geyer's milkvetch,Plantae,Magnoliophyta,Magnoliopsida,Fabales,Fabaceae,Astragalus,Astragalus geyeri var. geyeri,"Annual, Biennial",Forb/herb
ASGR3,Pea family,slender milkvetch,Plantae,Magnoliophyta,Magnoliopsida,Fabales,Fabaceae,Astragalus,Astragalus gracilis,Perennial,Forb/herb
ASHA2,Pea family,Hall's milkvetch,Plantae,Magnoliophyta,Magnoliopsida,Fabales,Fabaceae,Astragalus,Astragalus hallii,Perennial,Forb/herb
ASHAH,Pea family,Hall's milkvetch,Plantae,Magnoliophyta,Magnoliopsida,Fabales,Fabaceae,Astragalus,Astragalus hallii var. hallii,Perennial,Forb/herb
ASHA3,Pea family,Hamilton's milkvetch,Plantae,Magnoliophyta,Magnoliopsida,Fabales,Fabaceae,Astragalus,Astragalus hamiltonii,Perennial,Forb/herb
ASHU,Pea family,Mancos milkvetch,Plantae,Magnoliophyta,Magnoliopsida,Fabales,Fabaceae,Astragalus,Astragalus humillimus,Perennial,"Forb/herb, Subshrub"
ASHY2,Pea family,summer milkvetch,Plantae,Magnoliophyta,Magnoliopsida,Fabales,Fabaceae,Astragalus,Astragalus hyalinus,Perennial,"Forb/herb, Subshrub"
ASIO2,Pea family,violet milkvetch,Plantae,Magnoliophyta,Magnoliopsida,Fabales,Fabaceae,Astragalus,Astragalus iodopetalus,Perennial,Forb/herb
ASJE2,Pea family,starveling milkvetch,Plantae,Magnoliophyta,Magnoliopsida,Fabales,Fabaceae,Astragalus,Astragalus jejunus,Perennial,Forb/herb
ASJEJ,Pea family,starveling milkvetch,Plantae,Magnoliophyta,Magnoliopsida,Fabales,Fabaceae,Astragalus,Astragalus jejunus var. jejunus,Perennial,Forb/herb
ASKEE,Pea family,tall spiny milkvetch,Plantae,Magnoliophyta,Magnoliopsida,Fabales,Fabaceae,Astragalus,Astragalus kentrophyta var. elatus,Perennial,"Forb/herb, Subshrub"
ASKET,Pea family,mat milkvetch,Plantae,Magnoliophyta,Magnoliopsida,Fabales,Fabaceae,Astragalus,Astragalus kentrophyta var. tegetarius,Perennial,"Forb/herb, Subshrub"
ASLEC,Pea family,broadleaf milkvetch,Plantae,Magnoliophyta,Magnoliopsida,Fabales,Fabaceae,Astragalus,Astragalus lentiginosus var. chartaceus,Perennial,Forb/herb
ASLED,Pea family,freckled milkvetch,Plantae,Magnoliophyta,Magnoliopsida,Fabales,Fabaceae,Astragalus,Astragalus lentiginosus var. diphysus,Perennial,Forb/herb
ASLEP,Pea family,freckled milkvetch,Plantae,Magnoliophyta,Magnoliopsida,Fabales,Fabaceae,Astragalus,Astragalus lentiginosus var. palans,"Biennial, Perennial",Forb/herb
ASLE9,Pea family,park milkvetch,Plantae,Magnoliophyta,Magnoliopsida,Fabales,Fabaceae,Astragalus,Astragalus leptaleus,Perennial,Forb/herb
ASLI5,Pea family,Grand Junction milkvetch,Plantae,Magnoliophyta,Magnoliopsida,Fabales,Fabaceae,Astragalus,Astragalus linifolius,Perennial,Forb/herb
ASLO3,Pea family,rushy milkvetch,Plantae,Magnoliophyta,Magnoliopsida,Fabales,Fabaceae,Astragalus,Astragalus lonchocarpus,Perennial,Forb/herb
ASLU2,Pea family,Dragon milkvetch,Plantae,Magnoliophyta,Magnoliopsida,Fabales,Fabaceae,Astragalus,Astragalus lutosus,Perennial,Forb/herb
ASME2,Pea family,great bladdery milkvetch,Plantae,Magnoliophyta,Magnoliopsida,Fabales,Fabaceae,Astragalus,Astragalus megacarpus,Perennial,Forb/herb
ASMI3,Pea family,skiff milkvetch,Plantae,Magnoliophyta,Magnoliopsida,Fabales,Fabaceae,Astragalus,Astragalus microcymbus,Perennial,Forb/herb
ASMIO,Pea family,timber milkvetch,Plantae,Magnoliophyta,Magnoliopsida,Fabales,Fabaceae,Astragalus,Astragalus miser var. oblongifolius,Perennial,Forb/herb
ASMIA,Pea family,Missouri milkvetch,Plantae,Magnoliophyta,Magnoliopsida,Fabales,Fabaceae,Astragalus,Astragalus missouriensis var. amphibolus,Perennial,"Forb/herb, Subshrub"
ASMIH2,Pea family,Missouri milkvetch,Plantae,Magnoliophyta,Magnoliopsida,Fabales,Fabaceae,Astragalus,Astragalus missouriensis var. humistratus,Perennial,"Forb/herb, Subshrub"
ASMO7,Pea family,woolly locoweed,Plantae,Magnoliophyta,Magnoliopsida,Fabales,Fabaceae,Astragalus,Astragalus mollissimus,Perennial,Forb/herb
ASMOM5,Pea family,woolly locoweed,Plantae,Magnoliophyta,Magnoliopsida,Fabales,Fabaceae,Astragalus,Astragalus mollissimus var. mollissimus,Perennial,Forb/herb
ASMOT,Pea family,woolly locoweed,Plantae,Magnoliophyta,Magnoliopsida,Fabales,Fabaceae,Astragalus,Astragalus mollissimus var. thompsoniae,Perennial,Forb/herb
ASMO8,Pea family,Leadville milkvetch,Plantae,Magnoliophyta,Magnoliopsida,Fabales,Fabaceae,Astragalus,Astragalus molybdenus,Perennial,Forb/herb
ASMO10,Pea family,Monument Valley milkvetch,Plantae,Magnoliophyta,Magnoliopsida,Fabales,Fabaceae,Astragalus,Astragalus monumentalis,Perennial,Forb/herb
ASMOC2,Pea family,Cottam's milkvetch,Plantae,Magnoliophyta,Magnoliopsida,Fabales,Fabaceae,Astragalus,Astragalus monumentalis var. cottamii,Perennial,Forb/herb
ASMU3,Pea family,Ferron's milkvetch,Plantae,Magnoliophyta,Magnoliopsida,Fabales,Fabaceae,Astragalus,Astragalus musiniensis,Perennial,Forb/herb
ASNA,Pea family,Naturita milkvetch,Plantae,Magnoliophyta,Magnoliopsida,Fabales,Fabaceae,Astragalus,Astragalus naturitensis,Perennial,Forb/herb
ASNE3,Pea family,Nelson's milkvetch,Plantae,Magnoliophyta,Magnoliopsida,Fabales,Fabaceae,Astragalus,Astragalus nelsonianus,Perennial,Forb/herb
ASNE6,Pea family,Newberry's milkvetch,Plantae,Magnoliophyta,Magnoliopsida,Fabales,Fabaceae,Astragalus,Astragalus newberryi,Perennial,Forb/herb
ASNEN,Pea family,Newberry's milkvetch,Plantae,Magnoliophyta,Magnoliopsida,Fabales,Fabaceae,Astragalus,Astragalus newberryi var. newberryi,Perennial,Forb/herb
ASNU4,Pea family,smallflowered milkvetch,Plantae,Magnoliophyta,Magnoliopsida,Fabales,Fabaceae,Astragalus,Astragalus nuttallianus,"Annual, Perennial",Forb/herb
ASNUA,Pea family,smallflowered milkvetch,Plantae,Magnoliophyta,Magnoliopsida,Fabales,Fabaceae,Astragalus,Astragalus nuttallianus var. austrinus,"Annual, Perennial",Forb/herb
ASNUM2,Pea family,turkeypeas,Plantae,Magnoliophyta,Magnoliopsida,Fabales,Fabaceae,Astragalus,Astragalus nuttallianus var. micranthiformis,"Annual, Perennial",Forb/herb
ASOO,Pea family,Arboles milkvetch,Plantae,Magnoliophyta,Magnoliopsida,Fabales,Fabaceae,Astragalus,Astragalus oocalycis,Perennial,Forb/herb
ASOO3,Pea family,egg milkvetch,Plantae,Magnoliophyta,Magnoliopsida,Fabales,Fabaceae,Astragalus,Astragalus oophorus,Perennial,Forb/herb
ASOOC,Pea family,egg milkvetch,Plantae,Magnoliophyta,Magnoliopsida,Fabales,Fabaceae,Astragalus,Astragalus oophorus var. caulescens,Perennial,Forb/herb
ASOS,Pea family,Kremmling milkvetch,Plantae,Magnoliophyta,Magnoliopsida,Fabales,Fabaceae,Astragalus,Astragalus osterhoutii,Perennial,Forb/herb
ASPA13,Pea family,Parry's milkvetch,Plantae,Magnoliophyta,Magnoliopsida,Fabales,Fabaceae,Astragalus,Astragalus parryi,Perennial,Forb/herb
ASPA14,Pea family,Patterson's milkvetch,Plantae,Magnoliophyta,Magnoliopsida,Fabales,Fabaceae,Astragalus,Astragalus pattersonii,Perennial,"Forb/herb, Subshrub"
ASPI6,Pea family,Fisher milkvetch,Plantae,Magnoliophyta,Magnoliopsida,Fabales,Fabaceae,Astragalus,Astragalus piscator,Perennial,Forb/herb
ASPL2,Pea family,Platte River milkvetch,Plantae,Magnoliophyta,Magnoliopsida,Fabales,Fabaceae,Astragalus,Astragalus plattensis,Perennial,Forb/herb
ASPR5,Pea family,stinking milkvetch,Plantae,Magnoliophyta,Magnoliopsida,Fabales,Fabaceae,Astragalus,Astragalus praelongus,Perennial,Forb/herb
ASPRE,Pea family,Ellis' stinking milkvetch,Plantae,Magnoliophyta,Magnoliopsida,Fabales,Fabaceae,Astragalus,Astragalus praelongus var. ellisiae,Perennial,Forb/herb
ASPRL,Pea family,stinking milkvetch,Plantae,Magnoliophyta,Magnoliopsida,Fabales,Fabaceae,Astragalus,Astragalus praelongus var. lonchopus,Perennial,Forb/herb
ASPRP2,Pea family,stinking milkvetch,Plantae,Magnoliophyta,Magnoliopsida,Fabales,Fabaceae,Astragalus,Astragalus praelongus var. praelongus,Perennial,Forb/herb
ASPR8,Pea family,Aztec milkvetch,Plantae,Magnoliophyta,Magnoliopsida,Fabales,Fabaceae,Astragalus,Astragalus proximus,Perennial,Forb/herb
ASPU6,Pea family,Green River milkvetch,Plantae,Magnoliophyta,Magnoliopsida,Fabales,Fabaceae,Astragalus,Astragalus pubentissimus,"Annual, Biennial, Perennial",Forb/herb
ASPU8,Pea family,Trinidad milkvetch,Plantae,Magnoliophyta,Magnoliopsida,Fabales,Fabaceae,Astragalus,Astragalus puniceus,Perennial,Forb/herb
ASPUP6,Pea family,Trinidad milkvetch,Plantae,Magnoliophyta,Magnoliopsida,Fabales,Fabaceae,Astragalus,Astragalus puniceus var. puniceus,Perennial,Forb/herb
ASRAL,Pea family,cream milkvetch,Plantae,Magnoliophyta,Magnoliopsida,Fabales,Fabaceae,Astragalus,Astragalus racemosus var. longisetus,Perennial,Forb/herb
ASRA3,Pea family,San Rafael milkvetch,Plantae,Magnoliophyta,Magnoliopsida,Fabales,Fabaceae,Astragalus,Astragalus rafaelensis,Perennial,Forb/herb
ASRI2,Pea family,Ripley's milkvetch,Plantae,Magnoliophyta,Magnoliopsida,Fabales,Fabaceae,Astragalus,Astragalus ripleyi,Perennial,Forb/herb
ASSC5,Pea family,Schmoll's milkvetch,Plantae,Magnoliophyta,Magnoliopsida,Fabales,Fabaceae,Astragalus,Astragalus schmolliae,Perennial,Forb/herb
ASSC7,Pea family,Rocky Mountain milkvetch,Plantae,Magnoliophyta,Magnoliopsida,Fabales,Fabaceae,Astragalus,Astragalus scopulorum,Perennial,Forb/herb
ASSE5,Pea family,silky milkvetch,Plantae,Magnoliophyta,Magnoliopsida,Fabales,Fabaceae,Astragalus,Astragalus sericoleucus,Perennial,Forb/herb
ASSE7,Pea family,sandstone milkvetch,Plantae,Magnoliophyta,Magnoliopsida,Fabales,Fabaceae,Astragalus,Astragalus sesquiflorus,Perennial,Forb/herb
ASSH3,Pea family,Short's milkvetch,Plantae,Magnoliophyta,Magnoliopsida,Fabales,Fabaceae,Astragalus,Astragalus shortianus,Perennial,Forb/herb
ASSP5,Pea family,Front Range milkvetch,Plantae,Magnoliophyta,Magnoliopsida,Fabales,Fabaceae,Astragalus,Astragalus sparsiflorus,"Annual, Perennial",Forb/herb
ASSPM,Pea family,Front Range milkvetch,Plantae,Magnoliophyta,Magnoliopsida,Fabales,Fabaceae,Astragalus,Astragalus sparsiflorus var. majusculus,"Annual, Perennial",Forb/herb
ASSPS3,Pea family,Front Range milkvetch,Plantae,Magnoliophyta,Magnoliopsida,Fabales,Fabaceae,Astragalus,Astragalus sparsiflorus var. sparsiflorus,"Annual, Perennial",Forb/herb
ASTO9,Pea family,sleeping Ute milkvetch,Plantae,Magnoliophyta,Magnoliopsida,Fabales,Fabaceae,Astragalus,Astragalus tortipes,Perennial,Forb/herb
ASTR7,Pea family,foothill milkvetch,Plantae,Magnoliophyta,Magnoliopsida,Fabales,Fabaceae,Astragalus,Astragalus tridactylicus,Perennial,Forb/herb
ASWE2,Pea family,Wetherill's milkvetch,Plantae,Magnoliophyta,Magnoliopsida,Fabales,Fabaceae,Astragalus,Astragalus wetherillii,Perennial,Forb/herb
ASWI2,Pea family,Fort Wingate milkvetch,Plantae,Magnoliophyta,Magnoliopsida,Fabales,Fabaceae,Astragalus,Astragalus wingatanus,Perennial,Forb/herb
ASWO2,Pea family,halfmoon milkvetch,Plantae,Magnoliophyta,Magnoliopsida,Fabales,Fabaceae,Astragalus,Astragalus wootonii,"Annual, Biennial",Forb/herb
DAAU,Pea family,golden prairie clover,Plantae,Magnoliophyta,Magnoliopsida,Fabales,Fabaceae,Dalea,Dalea aurea,Perennial,"Forb/herb, Subshrub"
DACY,Pea family,Andean prairie clover,Plantae,Magnoliophyta,Magnoliopsida,Fabales,Fabaceae,Dalea,Dalea cylindriceps,Perennial,Forb/herb
DAEN,Pea family,nineanther prairie clover,Plantae,Magnoliophyta,Magnoliopsida,Fabales,Fabaceae,Dalea,Dalea enneandra,Perennial,Forb/herb
DAFO,Pea family,featherplume,Plantae,Magnoliophyta,Magnoliopsida,Fabales,Fabaceae,Dalea,Dalea formosa,Perennial,"Shrub, Subshrub"
DAJA,Pea family,James' prairie clover,Plantae,Magnoliophyta,Magnoliopsida,Fabales,Fabaceae,Dalea,Dalea jamesii,Perennial,"Forb/herb, Subshrub"
DALA3,Pea family,woolly prairie clover,Plantae,Magnoliophyta,Magnoliopsida,Fabales,Fabaceae,Dalea,Dalea lanata,Perennial,Forb/herb
DALAL,Pea family,woolly prairie clover,Plantae,Magnoliophyta,Magnoliopsida,Fabales,Fabaceae,Dalea,Dalea lanata var. lanata,Perennial,Forb/herb
DALAT,Pea family,woolly prairie clover,Plantae,Magnoliophyta,Magnoliopsida,Fabales,Fabaceae,Dalea,Dalea lanata var. terminalis,Perennial,Forb/herb
DALE3,Pea family,foxtail prairie clover,Plantae,Magnoliophyta,Magnoliopsida,Fabales,Fabaceae,Dalea,Dalea leporina,Annual,Forb/herb
DAMU,Pea family,roundhead prairie clover,Plantae,Magnoliophyta,Magnoliopsida,Fabales,Fabaceae,Dalea,Dalea multiflora,Perennial,"Forb/herb, Subshrub"
DANA,Pea family,dwarf prairie clover,Plantae,Magnoliophyta,Magnoliopsida,Fabales,Fabaceae,Dalea,Dalea nana,Perennial,Forb/herb
DANAN,Pea family,dwarf prairie clover,Plantae,Magnoliophyta,Magnoliopsida,Fabales,Fabaceae,Dalea,Dalea nana var. nana,Perennial,Forb/herb
DAPUA,Pea family,purple prairie clover,Plantae,Magnoliophyta,Magnoliopsida,Fabales,Fabaceae,Dalea,Dalea purpurea var. arenicola,Perennial,"Forb/herb, Subshrub"
DATE5,Pea family,slimleaf prairie clover,Plantae,Magnoliophyta,Magnoliopsida,Fabales,Fabaceae,Dalea,Dalea tenuifolia,Perennial,"Forb/herb, Subshrub"
DECO2,Pea family,Cooley's bundleflower,Plantae,Magnoliophyta,Magnoliopsida,Fabales,Fabaceae,Desmanthus,Desmanthus cooleyi,Perennial,"Forb/herb, Subshrub"
DEIL,Pea family,Illinois bundleflower,Plantae,Magnoliophyta,Magnoliopsida,Fabales,Fabaceae,Desmanthus,Desmanthus illinoensis,Perennial,"Forb/herb, Subshrub"
DEOB5,Pea family,stiff ticktrefoil,Plantae,Magnoliophyta,Magnoliopsida,Fabales,Fabaceae,Desmodium,Desmodium obtusum,Perennial,Forb/herb
HEOCC,Pea family,western sweetvetch,Plantae,Magnoliophyta,Magnoliopsida,Fabales,Fabaceae,Hedysarum,Hedysarum occidentale var. canone,Perennial,Forb/herb
HODR,Pea family,sicklepod holdback,Plantae,Magnoliophyta,Magnoliopsida,Fabales,Fabaceae,Hoffmannseggia,Hoffmannseggia drepanocarpa,Perennial,"Forb/herb, Subshrub"
HOGL2,Pea family,Indian rushpea,Plantae,Magnoliophyta,Magnoliopsida,Fabales,Fabaceae,Hoffmannseggia,Hoffmannseggia glauca,Perennial,"Forb/herb, Subshrub"
HORE,Pea family,creeping nicker,Plantae,Magnoliophyta,Magnoliopsida,Fabales,Fabaceae,Hoffmannseggia,Hoffmannseggia repens,Perennial,Forb/herb
LABR,Pea family,Bonneville pea,Plantae,Magnoliophyta,Magnoliopsida,Fabales,Fabaceae,Lathyrus,Lathyrus brachycalyx,Perennial,"Forb/herb, Vine"
LABRZ2,Pea family,bush pea,Plantae,Magnoliophyta,Magnoliopsida,Fabales,Fabaceae,Lathyrus,Lathyrus brachycalyx ssp. zionis,Perennial,"Forb/herb, Vine"
LAEU,Pea family,bush vetchling,Plantae,Magnoliophyta,Magnoliopsida,Fabales,Fabaceae,Lathyrus,Lathyrus eucosmus,Perennial,"Forb/herb, Vine"
LALA6,Pea family,aspen pea,Plantae,Magnoliophyta,Magnoliopsida,Fabales,Fabaceae,Lathyrus,Lathyrus laetivirens,Perennial,"Forb/herb, Vine"
LALA3,Pea family,Nevada pea,Plantae,Magnoliophyta,Magnoliopsida,Fabales,Fabaceae,Lathyrus,Lathyrus lanszwertii,Perennial,"Forb/herb, Vine"
LALAL2,Pea family,Lanszwert's pea,Plantae,Magnoliophyta,Magnoliopsida,Fabales,Fabaceae,Lathyrus,Lathyrus lanszwertii var. lanszwertii,Perennial,"Forb/herb, Vine"
LALAL3,Pea family,Nevada pea,Plantae,Magnoliophyta,Magnoliopsida,Fabales,Fabaceae,Lathyrus,Lathyrus lanszwertii var. leucanthus,Perennial,"Forb/herb, Vine"
LAPA5,Pea family,fewflower pea,Plantae,Magnoliophyta,Magnoliopsida,Fabales,Fabaceae,Lathyrus,Lathyrus pauciflorus,Perennial,"Forb/herb, Vine"
LAPAU,Pea family,Utah pea,Plantae,Magnoliophyta,Magnoliopsida,Fabales,Fabaceae,Lathyrus,Lathyrus pauciflorus var. utahensis,Perennial,"Forb/herb, Vine"
LAPO2,Pea family,manystem pea,Plantae,Magnoliophyta,Magnoliopsida,Fabales,Fabaceae,Lathyrus,Lathyrus polymorphus,Perennial,"Forb/herb, Vine"
LAPOI,Pea family,hoary pea,Plantae,Magnoliophyta,Magnoliopsida,Fabales,Fabaceae,Lathyrus,Lathyrus polymorphus ssp. incanus,Perennial,"Forb/herb, Vine"
LAPOP,Pea family,manystem pea,Plantae,Magnoliophyta,Magnoliopsida,Fabales,Fabaceae,Lathyrus,Lathyrus polymorphus ssp. polymorphus,Perennial,"Forb/herb, Vine"
LAPOP2,Pea family,manystem pea,Plantae,Magnoliophyta,Magnoliopsida,Fabales,Fabaceae,Lathyrus,Lathyrus polymorphus ssp. polymorphus var. polymorphus,Perennial,"Forb/herb, Vine"
LOWR,Pea family,Wright's deervetch,Plantae,Magnoliophyta,Magnoliopsida,Fabales,Fabaceae,Lotus,Lotus wrightii,Perennial,Forb/herb
LUAL5,Pea family,Great Basin lupine,Plantae,Magnoliophyta,Magnoliopsida,Fabales,Fabaceae,Lupinus,Lupinus Ã—alpestris,Perennial,Forb/herb
LUAM,Pea family,sand lupine,Plantae,Magnoliophyta,Magnoliopsida,Fabales,Fabaceae,Lupinus,Lupinus ammophilus,Perennial,Forb/herb
LUARA11,Pea family,silvery lupine,Plantae,Magnoliophyta,Magnoliopsida,Fabales,Fabaceae,Lupinus,Lupinus argenteus ssp. argenteus var. argenteus,Perennial,"Forb/herb, Subshrub"
LUARI,Pea family,silvery lupine,Plantae,Magnoliophyta,Magnoliopsida,Fabales,Fabaceae,Lupinus,Lupinus argenteus ssp. ingratus,Perennial,"Forb/herb, Subshrub"
LUARM3,Pea family,silvery lupine,Plantae,Magnoliophyta,Magnoliopsida,Fabales,Fabaceae,Lupinus,Lupinus argenteus ssp. moabensis,Perennial,"Forb/herb, Subshrub"
LUARR,Pea family,silvery lupine,Plantae,Magnoliophyta,Magnoliopsida,Fabales,Fabaceae,Lupinus,Lupinus argenteus ssp. rubricaulis,Perennial,"Forb/herb, Subshrub"
LUARS3,Pea family,silvery lupine,Plantae,Magnoliophyta,Magnoliopsida,Fabales,Fabaceae,Lupinus,Lupinus argenteus ssp. spathulatus,Perennial,"Forb/herb, Subshrub"
LUBA3,Pea family,Baker's lupine,Plantae,Magnoliophyta,Magnoliopsida,Fabales,Fabaceae,Lupinus,Lupinus bakeri,Perennial,Forb/herb
LUBAA,Pea family,Baker's lupine,Plantae,Magnoliophyta,Magnoliopsida,Fabales,Fabaceae,Lupinus,Lupinus bakeri ssp. amplus,Perennial,Forb/herb
LUBAB,Pea family,Baker's lupine,Plantae,Magnoliophyta,Magnoliopsida,Fabales,Fabaceae,Lupinus,Lupinus bakeri ssp. bakeri,Perennial,Forb/herb
LUBR2,Pea family,shortstem lupine,Plantae,Magnoliophyta,Magnoliopsida,Fabales,Fabaceae,Lupinus,Lupinus brevicaulis,Annual,Forb/herb
LUCA3,Pea family,stemless dwarf lupine,Plantae,Magnoliophyta,Magnoliopsida,Fabales,Fabaceae,Lupinus,Lupinus caespitosus,Perennial,Forb/herb
LUCAC2,Pea family,stemless dwarf lupine,Plantae,Magnoliophyta,Magnoliopsida,Fabales,Fabaceae,Lupinus,Lupinus caespitosus var. caespitosus,Perennial,Forb/herb
LUCAU,Pea family,Utah lupine,Plantae,Magnoliophyta,Magnoliopsida,Fabales,Fabaceae,Lupinus,Lupinus caespitosus var. utahensis,Perennial,Forb/herb
LUCA,Pea family,tailcup lupine,Plantae,Magnoliophyta,Magnoliopsida,Fabales,Fabaceae,Lupinus,Lupinus caudatus,Perennial,Forb/herb
LUCAA,Pea family,Kellogg's spurred lupine,Plantae,Magnoliophyta,Magnoliopsida,Fabales,Fabaceae,Lupinus,Lupinus caudatus ssp. argophyllus,Perennial,Forb/herb
LUCAC3,Pea family,tailcup lupine,Plantae,Magnoliophyta,Magnoliopsida,Fabales,Fabaceae,Lupinus,Lupinus caudatus ssp. caudatus,Perennial,Forb/herb
LUCR2,Pea family,Paradox lupine,Plantae,Magnoliophyta,Magnoliopsida,Fabales,Fabaceae,Lupinus,Lupinus crassus,Perennial,Forb/herb
LUDE3,Pea family,depressed lupine,Plantae,Magnoliophyta,Magnoliopsida,Fabales,Fabaceae,Lupinus,Lupinus depressus,Perennial,Forb/herb
LUKI,Pea family,King's lupine,Plantae,Magnoliophyta,Magnoliopsida,Fabales,Fabaceae,Lupinus,Lupinus kingii,Annual,Forb/herb
LUKIA,Pea family,King's lupine,Plantae,Magnoliophyta,Magnoliopsida,Fabales,Fabaceae,Lupinus,Lupinus kingii var. argillaceus,Annual,Forb/herb
LUKIK,Pea family,King's lupine,Plantae,Magnoliophyta,Magnoliopsida,Fabales,Fabaceae,Lupinus,Lupinus kingii var. kingii,Annual,Forb/herb
LUPA8,Pea family,lodgepole lupine,Plantae,Magnoliophyta,Magnoliopsida,Fabales,Fabaceae,Lupinus,Lupinus parviflorus,Perennial,Forb/herb
LUPAF,Pea family,lodgepole lupine,Plantae,Magnoliophyta,Magnoliopsida,Fabales,Fabaceae,Lupinus,Lupinus parviflorus ssp. floribundus,Perennial,Forb/herb
LUPAM2,Pea family,lodgepole lupine,Plantae,Magnoliophyta,Magnoliopsida,Fabales,Fabaceae,Lupinus,Lupinus parviflorus ssp. myrianthus,Perennial,Forb/herb
LUPAF4,Pea family,lodgepole lupine,Plantae,Magnoliophyta,Magnoliopsida,Fabales,Fabaceae,Lupinus,Lupinus parviflorus ssp. myrianthus var. fulvomaculatus,Perennial,Forb/herb
LUPAM4,Pea family,lodgepole lupine,Plantae,Magnoliophyta,Magnoliopsida,Fabales,Fabaceae,Lupinus,Lupinus parviflorus ssp. myrianthus var. myrianthus,Perennial,Forb/herb
LUPAP4,Pea family,lodgepole lupine,Plantae,Magnoliophyta,Magnoliopsida,Fabales,Fabaceae,Lupinus,Lupinus parviflorus ssp. parviflorus,Perennial,Forb/herb
LUPL,Pea family,Nebraska lupine,Plantae,Magnoliophyta,Magnoliopsida,Fabales,Fabaceae,Lupinus,Lupinus plattensis,Perennial,Forb/herb
LUPR2,Pea family,hairy bigleaf lupine,Plantae,Magnoliophyta,Magnoliopsida,Fabales,Fabaceae,Lupinus,Lupinus prunophilus,Perennial,Forb/herb
LUPUI2,Pea family,Intermountain lupine,Plantae,Magnoliophyta,Magnoliopsida,Fabales,Fabaceae,Lupinus,Lupinus pusillus ssp. intermontanus,Annual,Forb/herb
LUPUR,Pea family,rusty lupine,Plantae,Magnoliophyta,Magnoliopsida,Fabales,Fabaceae,Lupinus,Lupinus pusillus ssp. rubens,Annual,Forb/herb
MIBO2,Pea family,fragrant mimosa,Plantae,Magnoliophyta,Magnoliopsida,Fabales,Fabaceae,Mimosa,Mimosa borealis,Perennial,Shrub
MINU6,Pea family,Nuttall's sensitive-briar,Plantae,Magnoliophyta,Magnoliopsida,Fabales,Fabaceae,Mimosa,Mimosa nuttallii,Perennial,Forb/herb
MIRU5,Pea family,eastern sensitive plant,Plantae,Magnoliophyta,Magnoliopsida,Fabales,Fabaceae,Mimosa,Mimosa rupertiana,Perennial,Forb/herb
OXBEO,Pea family,Bessey's locoweed,Plantae,Magnoliophyta,Magnoliopsida,Fabales,Fabaceae,Oxytropis,Oxytropis besseyi var. obnapiformis,Perennial,Forb/herb
OXDEP2,Pea family,nodding locoweed,Plantae,Magnoliophyta,Magnoliopsida,Fabales,Fabaceae,Oxytropis,Oxytropis deflexa var. pulcherrima,Perennial,Forb/herb
OXLAB,Pea family,purple locoweed,Plantae,Magnoliophyta,Magnoliopsida,Fabales,Fabaceae,Oxytropis,Oxytropis lambertii var. bigelovii,Perennial,Forb/herb
OXMU,Pea family,Nuttall's oxytrope,Plantae,Magnoliophyta,Magnoliopsida,Fabales,Fabaceae,Oxytropis,Oxytropis multiceps,Perennial,Forb/herb
OXPA2,Pea family,Parry's oxytrope,Plantae,Magnoliophyta,Magnoliopsida,Fabales,Fabaceae,Oxytropis,Oxytropis parryi,Perennial,Forb/herb
OXSE,Pea family,white locoweed,Plantae,Magnoliophyta,Magnoliopsida,Fabales,Fabaceae,Oxytropis,Oxytropis sericea,Perennial,Forb/herb
OXSES,Pea family,white locoweed,Plantae,Magnoliophyta,Magnoliopsida,Fabales,Fabaceae,Oxytropis,Oxytropis sericea var. sericea,Perennial,Forb/herb
PAFI4,Pea family,common dunebroom,Plantae,Magnoliophyta,Magnoliopsida,Fabales,Fabaceae,Parryella,Parryella filifolia,Perennial,Shrub
PEAR7,Pea family,aromatic Indian breadroot,Plantae,Magnoliophyta,Magnoliopsida,Fabales,Fabaceae,Pediomelum,Pediomelum aromaticum,Perennial,Forb/herb
PECU3,Pea family,largebract Indian breadroot,Plantae,Magnoliophyta,Magnoliopsida,Fabales,Fabaceae,Pediomelum,Pediomelum cuspidatum,Perennial,Forb/herb
PEDI9,Pea family,palmleaf Indian breadroot,Plantae,Magnoliophyta,Magnoliopsida,Fabales,Fabaceae,Pediomelum,Pediomelum digitatum,Perennial,Forb/herb
PEHY4,Pea family,subterranean Indian breadroot,Plantae,Magnoliophyta,Magnoliopsida,Fabales,Fabaceae,Pediomelum,Pediomelum hypogaeum,Perennial,Forb/herb
PEHYH,Pea family,subterranean Indian breadroot,Plantae,Magnoliophyta,Magnoliopsida,Fabales,Fabaceae,Pediomelum,Pediomelum hypogaeum var. hypogaeum,Perennial,Forb/herb
PELI10,Pea family,narrowleaf Indian breadroot,Plantae,Magnoliophyta,Magnoliopsida,Fabales,Fabaceae,Pediomelum,Pediomelum linearifolium,Perennial,Forb/herb
PEME7,Pea family,Intermountain Indian breadroot,Plantae,Magnoliophyta,Magnoliopsida,Fabales,Fabaceae,Pediomelum,Pediomelum megalanthum,Perennial,Forb/herb
PEMEM2,Pea family,Intermountain Indian breadroot,Plantae,Magnoliophyta,Magnoliopsida,Fabales,Fabaceae,Pediomelum,Pediomelum megalanthum var. megalanthum,Perennial,Forb/herb
POJA5,Pea family,James' holdback,Plantae,Magnoliophyta,Magnoliopsida,Fabales,Fabaceae,Pomaria,Pomaria jamesii,Perennial,"Forb/herb, Subshrub"
PRGL2,Pea family,honey mesquite,Plantae,Magnoliophyta,Magnoliopsida,Fabales,Fabaceae,Prosopis,Prosopis glandulosa,Perennial,"Shrub, Tree"
PRGLG,Pea family,honey mesquite,Plantae,Magnoliophyta,Magnoliopsida,Fabales,Fabaceae,Prosopis,Prosopis glandulosa var. glandulosa,Perennial,"Shrub, Tree"
PSTE5,Pea family,slimflower scurfpea,Plantae,Magnoliophyta,Magnoliopsida,Fabales,Fabaceae,Psoralidium,Psoralidium tenuiflorum,Perennial,Forb/herb
PSTH,Pea family,Thompson's dalea,Plantae,Magnoliophyta,Magnoliopsida,Fabales,Fabaceae,Psorothamnus,Psorothamnus thompsoniae,Perennial,Shrub
PSTHW,Pea family,Whiting's dalea,Plantae,Magnoliophyta,Magnoliopsida,Fabales,Fabaceae,Psorothamnus,Psorothamnus thompsoniae var. whitingii,Perennial,Shrub
ROHO,Pea family,hybrid locust,Plantae,Magnoliophyta,Magnoliopsida,Fabales,Fabaceae,Robinia,Robinia Ã—holdtii,Perennial,Tree
RONE,Pea family,New Mexico locust,Plantae,Magnoliophyta,Magnoliopsida,Fabales,Fabaceae,Robinia,Robinia neomexicana,Perennial,"Shrub, Tree"
RONEN,Pea family,New Mexico locust,Plantae,Magnoliophyta,Magnoliopsida,Fabales,Fabaceae,Robinia,Robinia neomexicana var. neomexicana,Perennial,"Shrub, Tree"
SONU,Pea family,silky sophora,Plantae,Magnoliophyta,Magnoliopsida,Fabales,Fabaceae,Sophora,Sophora nuttalliana,Perennial,Forb/herb
STLE6,Pea family,slickseed fuzzybean,Plantae,Magnoliophyta,Magnoliopsida,Fabales,Fabaceae,Strophostyles,Strophostyles leiosperma,Annual,"Forb/herb, Vine"
THDI4,Pea family,spreadfruit goldenbanner,Plantae,Magnoliophyta,Magnoliopsida,Fabales,Fabaceae,Thermopsis,Thermopsis divaricarpa,Perennial,Forb/herb
THMO6,Pea family,mountain goldenbanner,Plantae,Magnoliophyta,Magnoliopsida,Fabales,Fabaceae,Thermopsis,Thermopsis montana,Perennial,Forb/herb
THMOM3,Pea family,mountain goldenbanner,Plantae,Magnoliophyta,Magnoliopsida,Fabales,Fabaceae,Thermopsis,Thermopsis montana var. montana,Perennial,Forb/herb
TRAN2,Pea family,Intermountain clover,Plantae,Magnoliophyta,Magnoliopsida,Fabales,Fabaceae,Trifolium,Trifolium andinum,Perennial,Forb/herb
TRANA3,Pea family,Intermountain clover,Plantae,Magnoliophyta,Magnoliopsida,Fabales,Fabaceae,Trifolium,Trifolium andinum var. andinum,Perennial,Forb/herb
TRAT,Pea family,Rocky Mountain clover,Plantae,Magnoliophyta,Magnoliopsida,Fabales,Fabaceae,Trifolium,Trifolium attenuatum,Perennial,Forb/herb
TRBR2,Pea family,Brandegee's clover,Plantae,Magnoliophyta,Magnoliopsida,Fabales,Fabaceae,Trifolium,Trifolium brandegeei,Perennial,Forb/herb
TRDA2,Pea family,alpine clover,Plantae,Magnoliophyta,Magnoliopsida,Fabales,Fabaceae,Trifolium,Trifolium dasyphyllum,Perennial,Forb/herb
TRDAD,Pea family,alpine clover,Plantae,Magnoliophyta,Magnoliopsida,Fabales,Fabaceae,Trifolium,Trifolium dasyphyllum ssp. dasyphyllum,Perennial,Forb/herb
TRGY,Pea family,hollyleaf clover,Plantae,Magnoliophyta,Magnoliopsida,Fabales,Fabaceae,Trifolium,Trifolium gymnocarpon,Perennial,"Forb/herb, Subshrub"
TRGYG,Pea family,hollyleaf clover,Plantae,Magnoliophyta,Magnoliopsida,Fabales,Fabaceae,Trifolium,Trifolium gymnocarpon ssp. gymnocarpon,Perennial,"Forb/herb, Subshrub"
TRGYP2,Pea family,Plummer's clover,Plantae,Magnoliophyta,Magnoliopsida,Fabales,Fabaceae,Trifolium,Trifolium gymnocarpon ssp. plummerae,Perennial,"Forb/herb, Subshrub"
TRKI,Pea family,King's clover,Plantae,Magnoliophyta,Magnoliopsida,Fabales,Fabaceae,Trifolium,Trifolium kingii,Perennial,Forb/herb
TRKIK,Pea family,King's clover,Plantae,Magnoliophyta,Magnoliopsida,Fabales,Fabaceae,Trifolium,Trifolium kingii ssp. kingii,Perennial,Forb/herb
TRLO,Pea family,longstalk clover,Plantae,Magnoliophyta,Magnoliopsida,Fabales,Fabaceae,Trifolium,Trifolium longipes,Perennial,Forb/herb
TRLOP2,Pea family,pygmy clover,Plantae,Magnoliophyta,Magnoliopsida,Fabales,Fabaceae,Trifolium,Trifolium longipes ssp. pygmaeum,Perennial,Forb/herb
TRLOR3,Pea family,droopflower clover,Plantae,Magnoliophyta,Magnoliopsida,Fabales,Fabaceae,Trifolium,Trifolium longipes ssp. reflexum,Perennial,Forb/herb
TRMU3,Pea family,cusp clover,Plantae,Magnoliophyta,Magnoliopsida,Fabales,Fabaceae,Trifolium,Trifolium mucronatum,Perennial,Forb/herb
TRMUL,Pea family,spinytooth clover,Plantae,Magnoliophyta,Magnoliopsida,Fabales,Fabaceae,Trifolium,Trifolium mucronatum ssp. lacerum,Perennial,Forb/herb
TRNA2,Pea family,dwarf clover,Plantae,Magnoliophyta,Magnoliopsida,Fabales,Fabaceae,Trifolium,Trifolium nanum,Perennial,"Forb/herb, Subshrub"
TRPA5,Pea family,Parry's clover,Plantae,Magnoliophyta,Magnoliopsida,Fabales,Fabaceae,Trifolium,Trifolium parryi,Perennial,"Forb/herb, Subshrub"
TRPAP,Pea family,Parry's clover,Plantae,Magnoliophyta,Magnoliopsida,Fabales,Fabaceae,Trifolium,Trifolium parryi ssp. parryi,Perennial,"Forb/herb, Subshrub"
TRPAS,Pea family,Parry's clover,Plantae,Magnoliophyta,Magnoliopsida,Fabales,Fabaceae,Trifolium,Trifolium parryi ssp. salictorum,Perennial,"Forb/herb, Subshrub"
VILU,Pea family,Louisiana vetch,Plantae,Magnoliophyta,Magnoliopsida,Fabales,Fabaceae,Vicia,Vicia ludoviciana,Annual,"Forb/herb, Vine"
VILUL2,Pea family,Louisiana vetch,Plantae,Magnoliophyta,Magnoliopsida,Fabales,Fabaceae,Vicia,Vicia ludoviciana ssp. ludoviciana,Annual,"Forb/herb, Vine"
QUPA4,Beech family,,Plantae,Magnoliophyta,Magnoliopsida,Fagales,Fagaceae,Quercus,Quercus Ã—pauciloba,Perennial,"Shrub, Tree"
QUAJ,Beech family,Ajo Mountain scrub oak,Plantae,Magnoliophyta,Magnoliopsida,Fagales,Fagaceae,Quercus,Quercus ajoensis,Perennial,"Shrub, Tree"
QUGA,Beech family,Gambel oak,Plantae,Magnoliophyta,Magnoliopsida,Fagales,Fagaceae,Quercus,Quercus gambelii,Perennial,"Shrub, Tree"
QUGAG,Beech family,Gambel oak,Plantae,Magnoliophyta,Magnoliopsida,Fagales,Fagaceae,Quercus,Quercus gambelii var. gambelii,Perennial,"Shrub, Tree"
QUGR3,Beech family,gray oak,Plantae,Magnoliophyta,Magnoliopsida,Fagales,Fagaceae,Quercus,Quercus grisea,Perennial,"Shrub, Tree"
QUHA3,Beech family,Havard oak,Plantae,Magnoliophyta,Magnoliopsida,Fagales,Fagaceae,Quercus,Quercus havardii,Perennial,"Shrub, Tree"
QUHAT,Beech family,Havard oak,Plantae,Magnoliophyta,Magnoliopsida,Fagales,Fagaceae,Quercus,Quercus havardii var. tuckeri,Perennial,"Shrub, Tree"
QUTU2,Beech family,Sonoran scrub oak,Plantae,Magnoliophyta,Magnoliopsida,Fagales,Fagaceae,Quercus,Quercus turbinella,Perennial,"Shrub, Tree"
FRJA,Frankenia family,James' seaheath,Plantae,Magnoliophyta,Magnoliopsida,Violales,Frankeniaceae,Frankenia,Frankenia jamesii,Perennial,"Shrub, Subshrub"
COCA15,Fumitory family,Sierra fumewort,Plantae,Magnoliophyta,Magnoliopsida,Papaverales,Fumariaceae,Corydalis,Corydalis caseana,Perennial,Forb/herb
COCAB2,Fumitory family,Brandegee's fumewort,Plantae,Magnoliophyta,Magnoliopsida,Papaverales,Fumariaceae,Corydalis,Corydalis caseana ssp. brandegeei,Perennial,Forb/herb
COCU2,Fumitory family,curvepod fumewort,Plantae,Magnoliophyta,Magnoliopsida,Papaverales,Fumariaceae,Corydalis,Corydalis curvisiliqua,"Annual, Biennial",Forb/herb
COCUG2,Fumitory family,curvepod fumewort,Plantae,Magnoliophyta,Magnoliopsida,Papaverales,Fumariaceae,Corydalis,Corydalis curvisiliqua ssp. grandibracteata,"Annual, Biennial",Forb/herb
COCUO,Fumitory family,curvepod fumewort,Plantae,Magnoliophyta,Magnoliopsida,Papaverales,Fumariaceae,Corydalis,Corydalis curvisiliqua ssp. occidentalis,"Annual, Biennial",Forb/herb
CEAR12,Gentian family,Arizona centaury,Plantae,Magnoliophyta,Magnoliopsida,Gentianales,Gentianaceae,Centaurium,Centaurium arizonicum,"Annual, Biennial",Forb/herb
EUEX5,Gentian family,catchfly prairie gentian,Plantae,Magnoliophyta,Magnoliopsida,Gentianales,Gentianaceae,Eustoma,Eustoma exaltatum,"Annual, Perennial",Forb/herb
EUEXR,Gentian family,showy prairie gentian,Plantae,Magnoliophyta,Magnoliopsida,Gentianales,Gentianaceae,Eustoma,Eustoma exaltatum ssp. russellianum,"Annual, Perennial",Forb/herb
FRAL5,Gentian family,desert frasera,Plantae,Magnoliophyta,Magnoliopsida,Gentianales,Gentianaceae,Frasera,Frasera albomarginata,Perennial,Forb/herb
FRCO7,Gentian family,Colorado frasera,Plantae,Magnoliophyta,Magnoliopsida,Gentianales,Gentianaceae,Frasera,Frasera coloradensis,Perennial,Forb/herb
FRPA2,Gentian family,tufted frasera,Plantae,Magnoliophyta,Magnoliopsida,Gentianales,Gentianaceae,Frasera,Frasera paniculata,Perennial,Forb/herb
FRSP,Gentian family,elkweed,Plantae,Magnoliophyta,Magnoliopsida,Gentianales,Gentianaceae,Frasera,Frasera speciosa,Perennial,Forb/herb
GEPA,Gentian family,Parry's gentian,Plantae,Magnoliophyta,Magnoliopsida,Gentianales,Gentianaceae,Gentiana,Gentiana parryi,Perennial,Forb/herb
GEAMH,Gentian family,autumn dwarf gentian,Plantae,Magnoliophyta,Magnoliopsida,Gentianales,Gentianaceae,Gentianella,Gentianella amarella ssp. heterosepala,"Annual, Biennial",Forb/herb
GETO,Gentian family,Cathedral Bluff dwarf gentian,Plantae,Magnoliophyta,Magnoliopsida,Gentianales,Gentianaceae,Gentianella,Gentianella tortuosa,Annual,Forb/herb
GEBA2,Gentian family,perennial fringed gentian,Plantae,Magnoliophyta,Magnoliopsida,Gentianales,Gentianaceae,Gentianopsis,Gentianopsis barbellata,Perennial,Forb/herb
GETH,Gentian family,Rocky Mountain fringed gentian,Plantae,Magnoliophyta,Magnoliopsida,Gentianales,Gentianaceae,Gentianopsis,Gentianopsis thermalis,Annual,Forb/herb
GEAT2,Geranium family,western purple cranesbill,Plantae,Magnoliophyta,Magnoliopsida,Geraniales,Geraniaceae,Geranium,Geranium atropurpureum,Perennial,Forb/herb
GEATA,Geranium family,western purple cranesbill,Plantae,Magnoliophyta,Magnoliopsida,Geraniales,Geraniaceae,Geranium,Geranium atropurpureum var. atropurpureum,Perennial,Forb/herb
GEATC,Geranium family,western purple cranesbill,Plantae,Magnoliophyta,Magnoliopsida,Geraniales,Geraniaceae,Geranium,Geranium atropurpureum var. cowenii,Perennial,Forb/herb
GECA3,Geranium family,pineywoods geranium,Plantae,Magnoliophyta,Magnoliopsida,Geraniales,Geraniaceae,Geranium,Geranium caespitosum,Perennial,"Forb/herb, Subshrub"
GECAC3,Geranium family,pineywoods geranium,Plantae,Magnoliophyta,Magnoliopsida,Geraniales,Geraniaceae,Geranium,Geranium caespitosum var. caespitosum,Perennial,"Forb/herb, Subshrub"
GECAF,Geranium family,Fremont's geranium,Plantae,Magnoliophyta,Magnoliopsida,Geraniales,Geraniaceae,Geranium,Geranium caespitosum var. fremontii,Perennial,"Forb/herb, Subshrub"
GECAP2,Geranium family,Parry's geranium,Plantae,Magnoliophyta,Magnoliopsida,Geraniales,Geraniaceae,Geranium,Geranium caespitosum var. parryi,Perennial,"Forb/herb, Subshrub"
RICEP,Currant family,whisky currant,Plantae,Magnoliophyta,Magnoliopsida,Rosales,Grossulariaceae,Ribes,Ribes cereum var. pedicellare,Perennial,Shrub
RILE,Currant family,trumpet gooseberry,Plantae,Magnoliophyta,Magnoliopsida,Rosales,Grossulariaceae,Ribes,Ribes leptanthum,Perennial,Shrub
RINI2,Currant family,snow currant,Plantae,Magnoliophyta,Magnoliopsida,Rosales,Grossulariaceae,Ribes,Ribes niveum,Perennial,Shrub
RIWO,Currant family,Wolf's currant,Plantae,Magnoliophyta,Magnoliopsida,Rosales,Grossulariaceae,Ribes,Ribes wolfii,Perennial,Shrub
FERU,Hydrangea family,cliff fendlerbush,Plantae,Magnoliophyta,Magnoliopsida,Rosales,Hydrangeaceae,Fendlera,Fendlera rupicola,Perennial,Shrub
FEWR,Hydrangea family,Wright's fendlerbush,Plantae,Magnoliophyta,Magnoliopsida,Rosales,Hydrangeaceae,Fendlera,Fendlera wrightii,Perennial,Shrub
FEUT,Hydrangea family,Utah fendlerbush,Plantae,Magnoliophyta,Magnoliopsida,Rosales,Hydrangeaceae,Fendlerella,Fendlerella utahensis,Perennial,Shrub
FEUTU,Hydrangea family,Utah fendlerbush,Plantae,Magnoliophyta,Magnoliopsida,Rosales,Hydrangeaceae,Fendlerella,Fendlerella utahensis var. utahensis,Perennial,Shrub
JAAM,Hydrangea family,fivepetal cliffbush,Plantae,Magnoliophyta,Magnoliopsida,Rosales,Hydrangeaceae,Jamesia,Jamesia americana,Perennial,Shrub
JAAMA,Hydrangea family,fivepetal cliffbush,Plantae,Magnoliophyta,Magnoliopsida,Rosales,Hydrangeaceae,Jamesia,Jamesia americana var. americana,Perennial,Shrub
PHAR12,Hydrangea family,silver mock orange,Plantae,Magnoliophyta,Magnoliopsida,Rosales,Hydrangeaceae,Philadelphus,Philadelphus argenteus,Perennial,Shrub
PHMI4,Hydrangea family,littleleaf mock orange,Plantae,Magnoliophyta,Magnoliopsida,Rosales,Hydrangeaceae,Philadelphus,Philadelphus microphyllus,Perennial,Shrub
HYFEF,Waterleaf family,Fendler's waterleaf,Plantae,Magnoliophyta,Magnoliopsida,Solanales,Hydrophyllaceae,Hydrophyllum,Hydrophyllum fendleri var. fendleri,Perennial,Forb/herb
NADE2,Waterleaf family,leafy nama,Plantae,Magnoliophyta,Magnoliopsida,Solanales,Hydrophyllaceae,Nama,Nama densum,Annual,Forb/herb
NADEP,Waterleaf family,leafy fiddleleaf,Plantae,Magnoliophyta,Magnoliopsida,Solanales,Hydrophyllaceae,Nama,Nama densum var. parviflorum,Annual,Forb/herb
NADI,Waterleaf family,wishbone fiddleleaf,Plantae,Magnoliophyta,Magnoliopsida,Solanales,Hydrophyllaceae,Nama,Nama dichotomum,Annual,Forb/herb
NAHI,Waterleaf family,bristly nama,Plantae,Magnoliophyta,Magnoliopsida,Solanales,Hydrophyllaceae,Nama,Nama hispidum,Annual,Forb/herb
NARE,Waterleaf family,betatakin fiddleleaf,Plantae,Magnoliophyta,Magnoliopsida,Solanales,Hydrophyllaceae,Nama,Nama retrorsum,Annual,Forb/herb
PHAL9,Waterleaf family,white phacelia,Plantae,Magnoliophyta,Magnoliopsida,Solanales,Hydrophyllaceae,Phacelia,Phacelia alba,Annual,Forb/herb
PHBA3,Waterleaf family,Baker's phacelia,Plantae,Magnoliophyta,Magnoliopsida,Solanales,Hydrophyllaceae,Phacelia,Phacelia bakeri,"Annual, Biennial",Forb/herb
PHCO19,Waterleaf family,Constance's phacelia,Plantae,Magnoliophyta,Magnoliopsida,Solanales,Hydrophyllaceae,Phacelia,Phacelia constancei,Biennial,Forb/herb
PHCR,Waterleaf family,cleftleaf wildheliotrope,Plantae,Magnoliophyta,Magnoliopsida,Solanales,Hydrophyllaceae,Phacelia,Phacelia crenulata,Annual,Forb/herb
PHCRC,Waterleaf family,cleftleaf wildheliotrope,Plantae,Magnoliophyta,Magnoliopsida,Solanales,Hydrophyllaceae,Phacelia,Phacelia crenulata var. corrugata,Annual,Forb/herb
PHDE,Waterleaf family,Intermountain phacelia,Plantae,Magnoliophyta,Magnoliopsida,Solanales,Hydrophyllaceae,Phacelia,Phacelia demissa,Annual,Forb/herb
PHDED,Waterleaf family,Intermountain phacelia,Plantae,Magnoliophyta,Magnoliopsida,Solanales,Hydrophyllaceae,Phacelia,Phacelia demissa var. demissa,Annual,Forb/herb
PHDE2,Waterleaf family,Rocky Mountain phacelia,Plantae,Magnoliophyta,Magnoliopsida,Solanales,Hydrophyllaceae,Phacelia,Phacelia denticulata,Annual,Forb/herb
PHFO2,Waterleaf family,Northpark phacelia,Plantae,Magnoliophyta,Magnoliopsida,Solanales,Hydrophyllaceae,Phacelia,Phacelia formosula,Annual,Forb/herb
PHGI3,Waterleaf family,Gina's phacelia,Plantae,Magnoliophyta,Magnoliopsida,Solanales,Hydrophyllaceae,Phacelia,Phacelia gina-glenneae,Annual,Forb/herb
PHGL3,Waterleaf family,glandular phacelia,Plantae,Magnoliophyta,Magnoliopsida,Solanales,Hydrophyllaceae,Phacelia,Phacelia glandulosa,"Annual, Biennial",Forb/herb
PHGLG4,Waterleaf family,glandular phacelia,Plantae,Magnoliophyta,Magnoliopsida,Solanales,Hydrophyllaceae,Phacelia,Phacelia glandulosa var. glandulosa,"Annual, Biennial",Forb/herb
PHHE2,Waterleaf family,varileaf phacelia,Plantae,Magnoliophyta,Magnoliopsida,Solanales,Hydrophyllaceae,Phacelia,Phacelia heterophylla,"Biennial, Perennial",Forb/herb
PHHEH,Waterleaf family,varileaf phacelia,Plantae,Magnoliophyta,Magnoliopsida,Solanales,Hydrophyllaceae,Phacelia,Phacelia heterophylla ssp. heterophylla,"Biennial, Perennial",Forb/herb
PHIN9,Waterleaf family,hoary phacelia,Plantae,Magnoliophyta,Magnoliopsida,Solanales,Hydrophyllaceae,Phacelia,Phacelia incana,Annual,Forb/herb
PHIN,Waterleaf family,gypsum phacelia,Plantae,Magnoliophyta,Magnoliopsida,Solanales,Hydrophyllaceae,Phacelia,Phacelia integrifolia,"Annual, Biennial, Perennial",Forb/herb
PHINI5,Waterleaf family,gypsum phacelia,Plantae,Magnoliophyta,Magnoliopsida,Solanales,Hydrophyllaceae,Phacelia,Phacelia integrifolia var. integrifolia,"Annual, Biennial, Perennial",Forb/herb
PHIV,Waterleaf family,Ives' phacelia,Plantae,Magnoliophyta,Magnoliopsida,Solanales,Hydrophyllaceae,Phacelia,Phacelia ivesiana,Annual,Forb/herb
PHIVI,Waterleaf family,Ives' phacelia,Plantae,Magnoliophyta,Magnoliopsida,Solanales,Hydrophyllaceae,Phacelia,Phacelia ivesiana var. ivesiana,Annual,Forb/herb
PHSC5,Waterleaf family,Debeque phacelia,Plantae,Magnoliophyta,Magnoliopsida,Solanales,Hydrophyllaceae,Phacelia,Phacelia scopulina,Annual,Forb/herb
PHSCS3,Waterleaf family,Debeque phacelia,Plantae,Magnoliophyta,Magnoliopsida,Solanales,Hydrophyllaceae,Phacelia,Phacelia scopulina var. submutica,Annual,Forb/herb
PHSEC,Waterleaf family,silky phacelia,Plantae,Magnoliophyta,Magnoliopsida,Solanales,Hydrophyllaceae,Phacelia,Phacelia sericea ssp. ciliosa,"Biennial, Perennial","Forb/herb, Subshrub"
PHSP3,Waterleaf family,patch phacelia,Plantae,Magnoliophyta,Magnoliopsida,Solanales,Hydrophyllaceae,Phacelia,Phacelia splendens,Annual,Forb/herb
KRLA,Krameria family,trailing krameria,Plantae,Magnoliophyta,Magnoliopsida,Polygalales,Krameriaceae,Krameria,Krameria lanceolata,Perennial,"Forb/herb, Subshrub"
AGPA,Mint family,Bill Williams Mountain giant hyssop,Plantae,Magnoliophyta,Magnoliopsida,Lamiales,Lamiaceae,Agastache,Agastache pallidiflora,Perennial,"Forb/herb, Subshrub"
AGPAP2,Mint family,Bill Williams Mountain giant hyssop,Plantae,Magnoliophyta,Magnoliopsida,Lamiales,Lamiaceae,Agastache,Agastache pallidiflora ssp. pallidiflora,Perennial,"Forb/herb, Subshrub"
AGPAG4,Mint family,Bill Williams Mountain giant hyssop,Plantae,Magnoliophyta,Magnoliopsida,Lamiales,Lamiaceae,Agastache,Agastache pallidiflora ssp. pallidiflora var. greenei,Perennial,"Forb/herb, Subshrub"
HEDR,Mint family,Drummond's false pennyroyal,Plantae,Magnoliophyta,Magnoliopsida,Lamiales,Lamiaceae,Hedeoma,Hedeoma drummondii,"Annual, Biennial, Perennial","Forb/herb, Subshrub"
MOPE,Mint family,pony beebalm,Plantae,Magnoliophyta,Magnoliopsida,Lamiales,Lamiaceae,Monarda,Monarda pectinata,Annual,Forb/herb
MOGL,Mint family,pale monardella,Plantae,Magnoliophyta,Magnoliopsida,Lamiales,Lamiaceae,Monardella,Monardella glauca,Perennial,"Forb/herb, Subshrub"
POIN3,Mint family,frosted mint,Plantae,Magnoliophyta,Magnoliopsida,Lamiales,Lamiaceae,Poliomintha,Poliomintha incana,Perennial,"Shrub, Subshrub"
SAAZ,Mint family,azure blue sage,Plantae,Magnoliophyta,Magnoliopsida,Lamiales,Lamiaceae,Salvia,Salvia azurea,Perennial,Forb/herb
SAAZG,Mint family,pitcher sage,Plantae,Magnoliophyta,Magnoliopsida,Lamiales,Lamiaceae,Salvia,Salvia azurea var. grandiflora,Perennial,Forb/herb
SCBR3,Mint family,Britton's skullcap,Plantae,Magnoliophyta,Magnoliopsida,Lamiales,Lamiaceae,Scutellaria,Scutellaria brittonii,Perennial,Forb/herb
SCRE3,Mint family,sticky skullcap,Plantae,Magnoliophyta,Magnoliopsida,Lamiales,Lamiaceae,Scutellaria,Scutellaria resinosa,Perennial,"Forb/herb, Subshrub"
TELA,Mint family,lacy germander,Plantae,Magnoliophyta,Magnoliopsida,Lamiales,Lamiaceae,Teucrium,Teucrium laciniatum,Perennial,Forb/herb
LIAR3,Flax family,bristle flax,Plantae,Magnoliophyta,Magnoliopsida,Linales,Linaceae,Linum,Linum aristatum,Annual,Forb/herb
LIAU4,Flax family,southern flax,Plantae,Magnoliophyta,Magnoliopsida,Linales,Linaceae,Linum,Linum australe,Annual,Forb/herb
LIAUA,Flax family,southern flax,Plantae,Magnoliophyta,Magnoliopsida,Linales,Linaceae,Linum,Linum australe var. australe,Annual,Forb/herb
LIBE2,Flax family,Berlandier's yellow flax,Plantae,Magnoliophyta,Magnoliopsida,Linales,Linaceae,Linum,Linum berlandieri,"Annual, Perennial",Forb/herb
LIBEB2,Flax family,Berlandier's yellow flax,Plantae,Magnoliophyta,Magnoliopsida,Linales,Linaceae,Linum,Linum berlandieri var. berlandieri,"Annual, Perennial",Forb/herb
LICO3,Flax family,Wyoming flax,Plantae,Magnoliophyta,Magnoliopsida,Linales,Linaceae,Linum,Linum compactum,Annual,Forb/herb
LIKI2,Flax family,King's flax,Plantae,Magnoliophyta,Magnoliopsida,Linales,Linaceae,Linum,Linum kingii,Perennial,"Forb/herb, Subshrub"
LIPR,Flax family,meadow flax,Plantae,Magnoliophyta,Magnoliopsida,Linales,Linaceae,Linum,Linum pratense,Annual,Forb/herb
LIPU4,Flax family,plains flax,Plantae,Magnoliophyta,Magnoliopsida,Linales,Linaceae,Linum,Linum puberulum,Annual,Forb/herb
LIRIS,Flax family,stiffstem flax,Plantae,Magnoliophyta,Magnoliopsida,Linales,Linaceae,Linum,Linum rigidum var. simulans,"Annual, Perennial",Forb/herb
MEAR5,Loasa family,Arapien blazingstar,Plantae,Magnoliophyta,Magnoliopsida,Violales,Loasaceae,Mentzelia,Mentzelia argillosa,Perennial,Forb/herb
MECH,Loasa family,gold blazingstar,Plantae,Magnoliophyta,Magnoliopsida,Violales,Loasaceae,Mentzelia,Mentzelia chrysantha,Biennial,Forb/herb
MECR4,Loasa family,Cronquist's blazingstar,Plantae,Magnoliophyta,Magnoliopsida,Violales,Loasaceae,Mentzelia,Mentzelia cronquistii,Perennial,Forb/herb
MEDE3,Loasa family,Royal Gorge blazingstar,Plantae,Magnoliophyta,Magnoliopsida,Violales,Loasaceae,Mentzelia,Mentzelia densa,Perennial,Forb/herb
MEDIC2,Loasa family,Nevada blazingstar,Plantae,Magnoliophyta,Magnoliopsida,Violales,Loasaceae,Mentzelia,Mentzelia dispersa var. compacta,Annual,Forb/herb
MEDIL,Loasa family,bushy blazingstar,Plantae,Magnoliophyta,Magnoliopsida,Violales,Loasaceae,Mentzelia,Mentzelia dispersa var. latifolia,Annual,Forb/herb
MEHU,Loasa family,gypsum blazingstar,Plantae,Magnoliophyta,Magnoliopsida,Violales,Loasaceae,Mentzelia,Mentzelia humilis,"Annual, Perennial",Forb/herb
MEHUH,Loasa family,gypsum blazingstar,Plantae,Magnoliophyta,Magnoliopsida,Violales,Loasaceae,Mentzelia,Mentzelia humilis var. humilis,"Annual, Perennial",Forb/herb
MELA,Loasa family,cutleaf blazingstar,Plantae,Magnoliophyta,Magnoliopsida,Violales,Loasaceae,Mentzelia,Mentzelia laciniata,Perennial,Forb/herb
MEMA5,Loasa family,Colorado blazingstar,Plantae,Magnoliophyta,Magnoliopsida,Violales,Loasaceae,Mentzelia,Mentzelia marginata,Perennial,Forb/herb
MEMO4,Loasa family,variegated-bract blazingstar,Plantae,Magnoliophyta,Magnoliopsida,Violales,Loasaceae,Mentzelia,Mentzelia montana,Annual,Forb/herb
MEMU2,Loasa family,manystem blazingstar,Plantae,Magnoliophyta,Magnoliopsida,Violales,Loasaceae,Mentzelia,Mentzelia multicaulis,Perennial,"Forb/herb, Subshrub"
MEMUM,Loasa family,manystem blazingstar,Plantae,Magnoliophyta,Magnoliopsida,Violales,Loasaceae,Mentzelia,Mentzelia multicaulis var. multicaulis,Perennial,"Forb/herb, Subshrub"
MEMUU,Loasa family,Uinta Basin stickleaf,Plantae,Magnoliophyta,Magnoliopsida,Violales,Loasaceae,Mentzelia,Mentzelia multicaulis var. uintahensis,Perennial,Subshrub
MEMU3,Loasa family,Adonis blazingstar,Plantae,Magnoliophyta,Magnoliopsida,Violales,Loasaceae,Mentzelia,Mentzelia multiflora,"Biennial, Perennial",Forb/herb
MEMUM2,Loasa family,Adonis blazingstar,Plantae,Magnoliophyta,Magnoliopsida,Violales,Loasaceae,Mentzelia,Mentzelia multiflora var. multiflora,"Biennial, Perennial",Forb/herb
MENU,Loasa family,bractless blazingstar,Plantae,Magnoliophyta,Magnoliopsida,Violales,Loasaceae,Mentzelia,Mentzelia nuda,"Biennial, Perennial",Forb/herb
MENUN,Loasa family,bractless blazingstar,Plantae,Magnoliophyta,Magnoliopsida,Violales,Loasaceae,Mentzelia,Mentzelia nuda var. nuda,"Biennial, Perennial",Forb/herb
MENUS,Loasa family,bractless blazingstar,Plantae,Magnoliophyta,Magnoliopsida,Violales,Loasaceae,Mentzelia,Mentzelia nuda var. stricta,"Biennial, Perennial",Forb/herb
MEOL,Loasa family,chickenthief,Plantae,Magnoliophyta,Magnoliopsida,Violales,Loasaceae,Mentzelia,Mentzelia oligosperma,Perennial,"Forb/herb, Subshrub"
MEPT,Loasa family,wingseed blazingstar,Plantae,Magnoliophyta,Magnoliopsida,Violales,Loasaceae,Mentzelia,Mentzelia pterosperma,"Biennial, Perennial",Forb/herb
MEPU3,Loasa family,dwarf mentzelia,Plantae,Magnoliophyta,Magnoliopsida,Violales,Loasaceae,Mentzelia,Mentzelia pumila,Biennial,Forb/herb
MEPUP,Loasa family,dwarf mentzelia,Plantae,Magnoliophyta,Magnoliopsida,Violales,Loasaceae,Mentzelia,Mentzelia pumila var. pumila,Biennial,Forb/herb
MERE2,Loasa family,Reverchon's blazingstar,Plantae,Magnoliophyta,Magnoliopsida,Violales,Loasaceae,Mentzelia,Mentzelia reverchonii,Perennial,Forb/herb
MERU,Loasa family,Rusby's blazingstar,Plantae,Magnoliophyta,Magnoliopsida,Violales,Loasaceae,Mentzelia,Mentzelia rusbyi,"Biennial, Perennial",Forb/herb
MESI,Loasa family,leechleaf blazingstar,Plantae,Magnoliophyta,Magnoliopsida,Violales,Loasaceae,Mentzelia,Mentzelia sinuata,Perennial,Forb/herb
MESP4,Loasa family,jeweled blazingstar,Plantae,Magnoliophyta,Magnoliopsida,Violales,Loasaceae,Mentzelia,Mentzelia speciosa,Perennial,Forb/herb
ABIN,Mallow family,pelotazo,Plantae,Magnoliophyta,Magnoliopsida,Malvales,Malvaceae,Abutilon,Abutilon incanum,Perennial,"Forb/herb, Subshrub"
ABPA3,Mallow family,dwarf Indian mallow,Plantae,Magnoliophyta,Magnoliopsida,Malvales,Malvaceae,Abutilon,Abutilon parvulum,Perennial,"Forb/herb, Subshrub"
ANCR2,Mallow family,crested anoda,Plantae,Magnoliophyta,Magnoliopsida,Malvales,Malvaceae,Anoda,Anoda cristata,Annual,Forb/herb
CAAL,Mallow family,light poppymallow,Plantae,Magnoliophyta,Magnoliopsida,Malvales,Malvaceae,Callirhoe,Callirhoe alcaeoides,Perennial,Forb/herb
CAIN2,Mallow family,purple poppymallow,Plantae,Magnoliophyta,Magnoliopsida,Malvales,Malvaceae,Callirhoe,Callirhoe involucrata,Perennial,Forb/herb
CAINI4,Mallow family,purple poppymallow,Plantae,Magnoliophyta,Magnoliopsida,Malvales,Malvaceae,Callirhoe,Callirhoe involucrata var. involucrata,Perennial,Forb/herb
CAINL,Mallow family,purple poppymallow,Plantae,Magnoliophyta,Magnoliopsida,Malvales,Malvaceae,Callirhoe,Callirhoe involucrata var. lineariloba,Perennial,Forb/herb
ILCR,Mallow family,Crandall's wild hollyhock,Plantae,Magnoliophyta,Magnoliopsida,Malvales,Malvaceae,Iliamna,Iliamna crandallii,Perennial,Forb/herb
ILGR,Mallow family,largeflower wild hollyhock,Plantae,Magnoliophyta,Magnoliopsida,Malvales,Malvaceae,Iliamna,Iliamna grandiflora,Perennial,Forb/herb
MALE3,Mallow family,alkali mallow,Plantae,Magnoliophyta,Magnoliopsida,Malvales,Malvaceae,Malvella,Malvella leprosa,Perennial,Forb/herb
MASA3,Mallow family,arrowleaf mallow,Plantae,Magnoliophyta,Magnoliopsida,Malvales,Malvaceae,Malvella,Malvella sagittifolia,Perennial,Forb/herb
SICA3,Mallow family,white checkerbloom,Plantae,Magnoliophyta,Magnoliopsida,Malvales,Malvaceae,Sidalcea,Sidalcea candida,Perennial,Forb/herb
SICAC4,Mallow family,white checkerbloom,Plantae,Magnoliophyta,Magnoliopsida,Malvales,Malvaceae,Sidalcea,Sidalcea candida var. candida,Perennial,Forb/herb
SICAG3,Mallow family,white checkerbloom,Plantae,Magnoliophyta,Magnoliopsida,Malvales,Malvaceae,Sidalcea,Sidalcea candida var. glabrata,Perennial,Forb/herb
SINE3,Mallow family,salt spring checkerbloom,Plantae,Magnoliophyta,Magnoliopsida,Malvales,Malvaceae,Sidalcea,Sidalcea neomexicana,Perennial,"Forb/herb, Subshrub"
SINEN,Mallow family,salt spring checkerbloom,Plantae,Magnoliophyta,Magnoliopsida,Malvales,Malvaceae,Sidalcea,Sidalcea neomexicana ssp. neomexicana,Perennial,"Forb/herb, Subshrub"
SPAN3,Mallow family,copper globemallow,Plantae,Magnoliophyta,Magnoliopsida,Malvales,Malvaceae,Sphaeralcea,Sphaeralcea angustifolia,Perennial,"Forb/herb, Subshrub"
SPCOE,Mallow family,scarlet globemallow,Plantae,Magnoliophyta,Magnoliopsida,Malvales,Malvaceae,Sphaeralcea,Sphaeralcea coccinea ssp. elata,"Biennial, Perennial","Forb/herb, Subshrub"
SPFE,Mallow family,Fendler's globemallow,Plantae,Magnoliophyta,Magnoliopsida,Malvales,Malvaceae,Sphaeralcea,Sphaeralcea fendleri,Perennial,"Forb/herb, Subshrub"
SPFEF,Mallow family,Fendler's globemallow,Plantae,Magnoliophyta,Magnoliopsida,Malvales,Malvaceae,Sphaeralcea,Sphaeralcea fendleri ssp. fendleri,Perennial,"Forb/herb, Subshrub"
SPLE,Mallow family,scaly globemallow,Plantae,Magnoliophyta,Magnoliopsida,Malvales,Malvaceae,Sphaeralcea,Sphaeralcea leptophylla,Perennial,"Forb/herb, Subshrub"
SPPA2,Mallow family,small-leaf globemallow,Plantae,Magnoliophyta,Magnoliopsida,Malvales,Malvaceae,Sphaeralcea,Sphaeralcea parvifolia,Perennial,"Forb/herb, Subshrub"
ABAR,Four o'clock family,clay sand verbena,Plantae,Magnoliophyta,Magnoliopsida,Caryophyllales,Nyctaginaceae,Abronia,Abronia argillosa,Perennial,Forb/herb
ABCA,Four o'clock family,Carleton's sand verbena,Plantae,Magnoliophyta,Magnoliopsida,Caryophyllales,Nyctaginaceae,Abronia,Abronia carletonii,Perennial,Forb/herb
ABEL,Four o'clock family,fragrant white sand verbena,Plantae,Magnoliophyta,Magnoliopsida,Caryophyllales,Nyctaginaceae,Abronia,Abronia elliptica,Perennial,Forb/herb
ABFR2,Four o'clock family,snowball sand verbena,Plantae,Magnoliophyta,Magnoliopsida,Caryophyllales,Nyctaginaceae,Abronia,Abronia fragrans,Perennial,Forb/herb
ABNA,Four o'clock family,dwarf sand verbena,Plantae,Magnoliophyta,Magnoliopsida,Caryophyllales,Nyctaginaceae,Abronia,Abronia nana,Perennial,Forb/herb
ABNAN,Four o'clock family,dwarf sand verbena,Plantae,Magnoliophyta,Magnoliopsida,Caryophyllales,Nyctaginaceae,Abronia,Abronia nana var. nana,Perennial,Forb/herb
ALCH,Four o'clock family,annual windmills,Plantae,Magnoliophyta,Magnoliopsida,Caryophyllales,Nyctaginaceae,Allionia,Allionia choisyi,"Annual, Perennial",Forb/herb
ALIN,Four o'clock family,trailing windmills,Plantae,Magnoliophyta,Magnoliopsida,Caryophyllales,Nyctaginaceae,Allionia,Allionia incarnata,"Annual, Perennial",Forb/herb
ALINI,Four o'clock family,trailing windmills,Plantae,Magnoliophyta,Magnoliopsida,Caryophyllales,Nyctaginaceae,Allionia,Allionia incarnata var. incarnata,Perennial,Forb/herb
BOER,Four o'clock family,erect spiderling,Plantae,Magnoliophyta,Magnoliopsida,Caryophyllales,Nyctaginaceae,Boerhavia,Boerhavia erecta,"Annual, Perennial",Forb/herb
MIAL5,Four o'clock family,winged four o'clock,Plantae,Magnoliophyta,Magnoliopsida,Caryophyllales,Nyctaginaceae,Mirabilis,Mirabilis alipes,Perennial,"Forb/herb, Subshrub"
MICO15,Four o'clock family,hairy-tuft four o'clock,Plantae,Magnoliophyta,Magnoliopsida,Caryophyllales,Nyctaginaceae,Mirabilis,Mirabilis comata,Perennial,Forb/herb
MIDE5,Four o'clock family,broadleaf four o'clock,Plantae,Magnoliophyta,Magnoliopsida,Caryophyllales,Nyctaginaceae,Mirabilis,Mirabilis decipiens,Perennial,Forb/herb
MIGL3,Four o'clock family,smooth four o'clock,Plantae,Magnoliophyta,Magnoliopsida,Caryophyllales,Nyctaginaceae,Mirabilis,Mirabilis glabra,Perennial,Forb/herb
MIHI,Four o'clock family,hairy four o'clock,Plantae,Magnoliophyta,Magnoliopsida,Caryophyllales,Nyctaginaceae,Mirabilis,Mirabilis hirsuta,Perennial,Forb/herb
MIME8,Four o'clock family,four o'clock,Plantae,Magnoliophyta,Magnoliopsida,Caryophyllales,Nyctaginaceae,Mirabilis,Mirabilis melanotricha,Perennial,Forb/herb
MIMU,Four o'clock family,Colorado four o'clock,Plantae,Magnoliophyta,Magnoliopsida,Caryophyllales,Nyctaginaceae,Mirabilis,Mirabilis multiflora,Perennial,"Forb/herb, Subshrub"
MIMUG,Four o'clock family,Colorado four o'clock,Plantae,Magnoliophyta,Magnoliopsida,Caryophyllales,Nyctaginaceae,Mirabilis,Mirabilis multiflora var. glandulosa,Perennial,Forb/herb
MIMUM,Four o'clock family,Colorado four o'clock,Plantae,Magnoliophyta,Magnoliopsida,Caryophyllales,Nyctaginaceae,Mirabilis,Mirabilis multiflora var. multiflora,Perennial,Forb/herb
MIOX,Four o'clock family,smooth spreading four o'clock,Plantae,Magnoliophyta,Magnoliopsida,Caryophyllales,Nyctaginaceae,Mirabilis,Mirabilis oxybaphoides,Perennial,Forb/herb
MIRO2,Four o'clock family,roundleaf four o'clock,Plantae,Magnoliophyta,Magnoliopsida,Caryophyllales,Nyctaginaceae,Mirabilis,Mirabilis rotundifolia,Perennial,Forb/herb
TRCA34,Four o'clock family,winged sandpuffs,Plantae,Magnoliophyta,Magnoliopsida,Caryophyllales,Nyctaginaceae,Tripterocalyx,Tripterocalyx carneus,Annual,Forb/herb
TRCAW2,Four o'clock family,Wooton's sandpuffs,Plantae,Magnoliophyta,Magnoliopsida,Caryophyllales,Nyctaginaceae,Tripterocalyx,Tripterocalyx carneus var. wootonii,Annual,Forb/herb
FOPU2,Olive family,stretchberry,Plantae,Magnoliophyta,Magnoliopsida,Scrophulariales,Oleaceae,Forestiera,Forestiera pubescens,Perennial,Shrub
FOPUP,Olive family,stretchberry,Plantae,Magnoliophyta,Magnoliopsida,Scrophulariales,Oleaceae,Forestiera,Forestiera pubescens var. pubescens,Perennial,Shrub
FRAN2,Olive family,singleleaf ash,Plantae,Magnoliophyta,Magnoliopsida,Scrophulariales,Oleaceae,Fraxinus,Fraxinus anomala,Perennial,"Shrub, Tree"
FRANA,Olive family,singleleaf ash,Plantae,Magnoliophyta,Magnoliopsida,Scrophulariales,Oleaceae,Fraxinus,Fraxinus anomala var. anomala,Perennial,"Shrub, Tree"
MESC,Olive family,rough menodora,Plantae,Magnoliophyta,Magnoliopsida,Scrophulariales,Oleaceae,Menodora,Menodora scabra,Perennial,"Forb/herb, Subshrub"
CABE6,Evening Primrose family,Berlandier's sundrops,Plantae,Magnoliophyta,Magnoliopsida,Myrtales,Onagraceae,Calylophus,Calylophus berlandieri,Perennial,"Forb/herb, Subshrub"
CABEB2,Evening Primrose family,Berlandier's sundrops,Plantae,Magnoliophyta,Magnoliopsida,Myrtales,Onagraceae,Calylophus,Calylophus berlandieri ssp. berlandieri,Perennial,"Forb/herb, Subshrub"
CAHA14,Evening Primrose family,Hartweg's sundrops,Plantae,Magnoliophyta,Magnoliopsida,Myrtales,Onagraceae,Calylophus,Calylophus hartwegii,Perennial,"Forb/herb, Subshrub"
CAHAF,Evening Primrose family,Hartweg's sundrops,Plantae,Magnoliophyta,Magnoliopsida,Myrtales,Onagraceae,Calylophus,Calylophus hartwegii ssp. fendleri,Perennial,"Forb/herb, Subshrub"
CAHAP,Evening Primrose family,Hartweg's sundrops,Plantae,Magnoliophyta,Magnoliopsida,Myrtales,Onagraceae,Calylophus,Calylophus hartwegii ssp. pubescens,Perennial,"Forb/herb, Subshrub"
CALA38,Evening Primrose family,lavenderleaf sundrops,Plantae,Magnoliophyta,Magnoliopsida,Myrtales,Onagraceae,Calylophus,Calylophus lavandulifolius,Perennial,"Forb/herb, Subshrub"
CAEA,Evening Primrose family,Grand Junction camissonia,Plantae,Magnoliophyta,Magnoliopsida,Myrtales,Onagraceae,Camissonia,Camissonia eastwoodiae,Annual,Forb/herb
CAMI23,Evening Primrose family,small evening primrose,Plantae,Magnoliophyta,Magnoliopsida,Myrtales,Onagraceae,Camissonia,Camissonia minor,Annual,Forb/herb
CAPA39,Evening Primrose family,Lewis River suncup,Plantae,Magnoliophyta,Magnoliopsida,Myrtales,Onagraceae,Camissonia,Camissonia parvula,Annual,Forb/herb
CASC18,Evening Primrose family,Paiute suncup,Plantae,Magnoliophyta,Magnoliopsida,Myrtales,Onagraceae,Camissonia,Camissonia scapoidea,Annual,Forb/herb
CASCS3,Evening Primrose family,Paiute suncup,Plantae,Magnoliophyta,Magnoliopsida,Myrtales,Onagraceae,Camissonia,Camissonia scapoidea ssp. scapoidea,Annual,Forb/herb
CASU18,Evening Primrose family,diffuseflower evening primrose,Plantae,Magnoliophyta,Magnoliopsida,Myrtales,Onagraceae,Camissonia,Camissonia subacaulis,Perennial,Forb/herb
CAWA3,Evening Primrose family,Walker's suncup,Plantae,Magnoliophyta,Magnoliopsida,Myrtales,Onagraceae,Camissonia,Camissonia walkeri,"Annual, Perennial",Forb/herb
CAWAW2,Evening Primrose family,Walker's suncup,Plantae,Magnoliophyta,Magnoliopsida,Myrtales,Onagraceae,Camissonia,Camissonia walkeri ssp. walkeri,"Annual, Perennial",Forb/herb
GADE2,Evening Primrose family,deceptive groundsmoke,Plantae,Magnoliophyta,Magnoliopsida,Myrtales,Onagraceae,Gayophytum,Gayophytum decipiens,Annual,Forb/herb
OEAC,Evening Primrose family,Flaming Gorge evening primrose,Plantae,Magnoliophyta,Magnoliopsida,Myrtales,Onagraceae,Oenothera,Oenothera acutissima,Perennial,Forb/herb
OEAL,Evening Primrose family,whitest evening primrose,Plantae,Magnoliophyta,Magnoliopsida,Myrtales,Onagraceae,Oenothera,Oenothera albicaulis,Annual,Forb/herb
OECAM3,Evening Primrose family,tufted evening primrose,Plantae,Magnoliophyta,Magnoliopsida,Myrtales,Onagraceae,Oenothera,Oenothera caespitosa ssp. macroglottis,Perennial,"Forb/herb, Subshrub"
OECAM4,Evening Primrose family,tufted evening primrose,Plantae,Magnoliophyta,Magnoliopsida,Myrtales,Onagraceae,Oenothera,Oenothera caespitosa ssp. marginata,Perennial,"Forb/herb, Subshrub"
OECAN,Evening Primrose family,Navajo evening primrose,Plantae,Magnoliophyta,Magnoliopsida,Myrtales,Onagraceae,Oenothera,Oenothera caespitosa ssp. navajoensis,Perennial,"Forb/herb, Subshrub"
OECA3,Evening Primrose family,spotted evening primrose,Plantae,Magnoliophyta,Magnoliopsida,Myrtales,Onagraceae,Oenothera,Oenothera canescens,Perennial,Forb/herb
OECI,Evening Primrose family,high-plains beeblossom,Plantae,Magnoliophyta,Magnoliopsida,Myrtales,Onagraceae,Oenothera,Oenothera cinerea,Perennial,"Forb/herb, Subshrub"
OECIC,Evening Primrose family,high-plains beeblossom,Plantae,Magnoliophyta,Magnoliopsida,Myrtales,Onagraceae,Oenothera,Oenothera cinerea ssp. cinerea,Perennial,"Forb/herb, Subshrub"
OECO,,Colorado beeblossom,Plantae,Magnoliophyta,Magnoliopsida,Myrtales,Onagraceae,Oenothera,Oenothera coloradensis,Biennial,Forb/herb
OECOC,,Colorado butterfly plant,Plantae,Magnoliophyta,Magnoliopsida,Myrtales,Onagraceae,Oenothera,Oenothera coloradensis ssp. coloradensis,Biennial,Forb/herb
OECON2,,New Mexico beeblossom,Plantae,Magnoliophyta,Magnoliopsida,Myrtales,Onagraceae,Oenothera,Oenothera coloradensis ssp. neomexicana,Biennial,Forb/herb
OECO2,Evening Primrose family,crownleaf evening primrose,Plantae,Magnoliophyta,Magnoliopsida,Myrtales,Onagraceae,Oenothera,Oenothera coronopifolia,Perennial,Forb/herb
OECU2,,velvetweed,Plantae,Magnoliophyta,Magnoliopsida,Myrtales,Onagraceae,Oenothera,Oenothera curtiflora,Annual,Forb/herb
OEDE2,Evening Primrose family,birdcage evening primrose,Plantae,Magnoliophyta,Magnoliopsida,Myrtales,Onagraceae,Oenothera,Oenothera deltoides,"Annual, Perennial",Forb/herb
OEDED4,Evening Primrose family,birdcage evening primrose,Plantae,Magnoliophyta,Magnoliopsida,Myrtales,Onagraceae,Oenothera,Oenothera deltoides ssp. deltoides,"Annual, Perennial",Forb/herb
OEEL,Evening Primrose family,Hooker's evening primrose,Plantae,Magnoliophyta,Magnoliopsida,Myrtales,Onagraceae,Oenothera,Oenothera elata,"Biennial, Perennial",Forb/herb
OEELH,Evening Primrose family,Hooker's evening primrose,Plantae,Magnoliophyta,Magnoliopsida,Myrtales,Onagraceae,Oenothera,Oenothera elata ssp. hirsutissima,"Biennial, Perennial",Forb/herb
OEEN,Evening Primrose family,Engelmann's evening primrose,Plantae,Magnoliophyta,Magnoliopsida,Myrtales,Onagraceae,Oenothera,Oenothera engelmannii,Annual,Forb/herb
OEGR2,Evening Primrose family,showy evening primrose,Plantae,Magnoliophyta,Magnoliopsida,Myrtales,Onagraceae,Oenothera,Oenothera grandis,Annual,Forb/herb
OEHA6,Evening Primrose family,Colorado Springs evening primrose,Plantae,Magnoliophyta,Magnoliopsida,Myrtales,Onagraceae,Oenothera,Oenothera harringtonii,Annual,Forb/herb
OEHO2,Evening Primrose family,Howard's evening primrose,Plantae,Magnoliophyta,Magnoliopsida,Myrtales,Onagraceae,Oenothera,Oenothera howardii,Perennial,Forb/herb
OELA2,Evening Primrose family,mountain evening primrose,Plantae,Magnoliophyta,Magnoliopsida,Myrtales,Onagraceae,Oenothera,Oenothera latifolia,Perennial,Forb/herb
OELO,Evening Primrose family,longstem evening primrose,Plantae,Magnoliophyta,Magnoliopsida,Myrtales,Onagraceae,Oenothera,Oenothera longissima,"Biennial, Perennial",Forb/herb
OEPAR,Evening Primrose family,pale evening primrose,Plantae,Magnoliophyta,Magnoliopsida,Myrtales,Onagraceae,Oenothera,Oenothera pallida ssp. runcinata,Perennial,Forb/herb
OEPAT,Evening Primrose family,pale evening primrose,Plantae,Magnoliophyta,Magnoliopsida,Myrtales,Onagraceae,Oenothera,Oenothera pallida ssp. trichocalyx,"Biennial, Perennial",Forb/herb
STLI2,Evening Primrose family,false gaura,Plantae,Magnoliophyta,Magnoliopsida,Myrtales,Onagraceae,Stenosiphon,Stenosiphon linifolius,Perennial,"Forb/herb, Subshrub"
COAL6,Broom-rape family,alpine cancer-root,Plantae,Magnoliophyta,Magnoliopsida,Scrophulariales,Orobanchaceae,Conopholis,Conopholis alpina,Perennial,Forb/herb
COALM,Broom-rape family,Mexican cancer-root,Plantae,Magnoliophyta,Magnoliopsida,Scrophulariales,Orobanchaceae,Conopholis,Conopholis alpina var. mexicana,Perennial,Forb/herb
ORLUM,Broom-rape family,manyflower broomrape,Plantae,Magnoliophyta,Magnoliopsida,Scrophulariales,Orobanchaceae,Orobanche,Orobanche ludoviciana ssp. multiflora,Annual,Forb/herb
ORRI,Broom-rape family,River Broom-Rape,Plantae,Magnoliophyta,Magnoliopsida,Scrophulariales,Orobanchaceae,Orobanche,Orobanche riparia,Annual,Forb/herb
OXAL,Wood-Sorrel family,radishroot woodsorrel,Plantae,Magnoliophyta,Magnoliopsida,Geraniales,Oxalidaceae,Oxalis,Oxalis albicans,Perennial,"Forb/herb, Subshrub"
OXALA,Wood-Sorrel family,radishroot woodsorrel,Plantae,Magnoliophyta,Magnoliopsida,Geraniales,Oxalidaceae,Oxalis,Oxalis albicans ssp. albicans,Perennial,"Forb/herb, Subshrub"
OXVI,Wood-Sorrel family,violet woodsorrel,Plantae,Magnoliophyta,Magnoliopsida,Geraniales,Oxalidaceae,Oxalis,Oxalis violacea,Perennial,Forb/herb
ARHI4,Poppy family,rough pricklypoppy,Plantae,Magnoliophyta,Magnoliopsida,Papaverales,Papaveraceae,Argemone,Argemone hispida,Perennial,Forb/herb
ARPO2,Poppy family,crested pricklypoppy,Plantae,Magnoliophyta,Magnoliopsida,Papaverales,Papaveraceae,Argemone,Argemone polyanthemos,"Annual, Biennial, Perennial",Forb/herb
ARSQ,Poppy family,hedgehog pricklypoppy,Plantae,Magnoliophyta,Magnoliopsida,Papaverales,Papaveraceae,Argemone,Argemone squarrosa,Perennial,Forb/herb
ARSQS,Poppy family,hedgehog pricklypoppy,Plantae,Magnoliophyta,Magnoliopsida,Papaverales,Papaveraceae,Argemone,Argemone squarrosa ssp. squarrosa,Perennial,Forb/herb
PLTW,Plantain family,Tweedy's plantain,Plantae,Magnoliophyta,Magnoliopsida,Plantaginales,Plantaginaceae,Plantago,Plantago tweedyi,Perennial,Forb/herb
ALHA6,Phlox family,San Juan gilia,Plantae,Magnoliophyta,Magnoliopsida,Solanales,Polemoniaceae,Aliciella,Aliciella haydenii,"Annual, Biennial",Forb/herb
ALLE7,Phlox family,sand gilia,Plantae,Magnoliophyta,Magnoliopsida,Solanales,Polemoniaceae,Aliciella,Aliciella leptomeria,Annual,Forb/herb
ALMC,Phlox family,Mcvicker's gilia,Plantae,Magnoliophyta,Magnoliopsida,Solanales,Polemoniaceae,Aliciella,Aliciella mcvickerae,"Annual, Biennial",Forb/herb
ALMI10,Phlox family,dainty gilia,Plantae,Magnoliophyta,Magnoliopsida,Solanales,Polemoniaceae,Aliciella,Aliciella micromeria,Annual,Forb/herb
ALPE11,Phlox family,Black Canyon gilia,Plantae,Magnoliophyta,Magnoliopsida,Solanales,Polemoniaceae,Aliciella,Aliciella penstemonoides,"Biennial, Perennial",Forb/herb
ALPI2,Phlox family,sticky gilia,Plantae,Magnoliophyta,Magnoliopsida,Solanales,Polemoniaceae,Aliciella,Aliciella pinnatifida,"Annual, Biennial, Perennial",Forb/herb
ALSE11,Phlox family,stonecrop gilia,Plantae,Magnoliophyta,Magnoliopsida,Solanales,Polemoniaceae,Aliciella,Aliciella sedifolia,Annual,Forb/herb
ALST12,Phlox family,Uinta Basin gilia,Plantae,Magnoliophyta,Magnoliopsida,Solanales,Polemoniaceae,Aliciella,Aliciella stenothyrsa,Perennial,Forb/herb
ALSU10,Phlox family,pinyon gilia,Plantae,Magnoliophyta,Magnoliopsida,Solanales,Polemoniaceae,Aliciella,Aliciella subacaulis,Annual,Forb/herb
ALSU9,Phlox family,coral gilia,Plantae,Magnoliophyta,Magnoliopsida,Solanales,Polemoniaceae,Aliciella,Aliciella subnuda,"Biennial, Perennial",Forb/herb
ALTR14,Phlox family,coyote gilia,Plantae,Magnoliophyta,Magnoliopsida,Solanales,Polemoniaceae,Aliciella,Aliciella triodon,Annual,Forb/herb
ERDI2,Phlox family,miniature woollystar,Plantae,Magnoliophyta,Magnoliopsida,Solanales,Polemoniaceae,Eriastrum,Eriastrum diffusum,Annual,Forb/herb
GICL2,Phlox family,Clokey's gilia,Plantae,Magnoliophyta,Magnoliopsida,Solanales,Polemoniaceae,Gilia,Gilia clokeyi,Annual,Forb/herb
GIIN2,Phlox family,shy gilia,Plantae,Magnoliophyta,Magnoliopsida,Solanales,Polemoniaceae,Gilia,Gilia inconspicua,Annual,Forb/herb
GIOP,Phlox family,eyed gilia,Plantae,Magnoliophyta,Magnoliopsida,Solanales,Polemoniaceae,Gilia,Gilia ophthalmoides,Annual,Forb/herb
GITW,Phlox family,Tweedy's gila,Plantae,Magnoliophyta,Magnoliopsida,Solanales,Polemoniaceae,Gilia,Gilia tweedyi,Annual,Forb/herb
GIAC4,Phlox family,bluebowls,Plantae,Magnoliophyta,Magnoliopsida,Solanales,Polemoniaceae,Giliastrum,Giliastrum acerosum,"Annual, Perennial","Forb/herb, Subshrub"
GYPA2,Phlox family,smallflower gymnosteris,Plantae,Magnoliophyta,Magnoliopsida,Solanales,Polemoniaceae,Gymnosteris,Gymnosteris parvula,Annual,Forb/herb
IPAGA2,Phlox family,scarlet gilia,Plantae,Magnoliophyta,Magnoliopsida,Solanales,Polemoniaceae,Ipomopsis,Ipomopsis aggregata ssp. attenuata,"Biennial, Perennial",Forb/herb
IPAGC,Phlox family,scarlet gilia,Plantae,Magnoliophyta,Magnoliopsida,Solanales,Polemoniaceae,Ipomopsis,Ipomopsis aggregata ssp. candida,"Biennial, Perennial",Forb/herb
IPAGC2,Phlox family,scarlet gilia,Plantae,Magnoliophyta,Magnoliopsida,Solanales,Polemoniaceae,Ipomopsis,Ipomopsis aggregata ssp. collina,"Biennial, Perennial",Forb/herb
IPAGF,Phlox family,scarlet gilia,Plantae,Magnoliophyta,Magnoliopsida,Solanales,Polemoniaceae,Ipomopsis,Ipomopsis aggregata ssp. formosissima,"Biennial, Perennial",Forb/herb
IPAGW,Phlox family,scarlet gilia,Plantae,Magnoliophyta,Magnoliopsida,Solanales,Polemoniaceae,Ipomopsis,Ipomopsis aggregata ssp. weberi,"Biennial, Perennial",Forb/herb
IPCO5,Phlox family,ballhead ipomopsis,Plantae,Magnoliophyta,Magnoliopsida,Solanales,Polemoniaceae,Ipomopsis,Ipomopsis congesta,Perennial,"Forb/herb, Subshrub"
IPCOC3,Phlox family,ballhead ipomopsis,Plantae,Magnoliophyta,Magnoliopsida,Solanales,Polemoniaceae,Ipomopsis,Ipomopsis congesta ssp. congesta,Perennial,"Forb/herb, Subshrub"
IPCOC,Phlox family,ballhead ipomopsis,Plantae,Magnoliophyta,Magnoliopsida,Solanales,Polemoniaceae,Ipomopsis,Ipomopsis congesta ssp. crebrifolia,Perennial,"Forb/herb, Subshrub"
IPCOF,Phlox family,ballhead ipomopsis,Plantae,Magnoliophyta,Magnoliopsida,Solanales,Polemoniaceae,Ipomopsis,Ipomopsis congesta ssp. frutescens,Perennial,"Forb/herb, Subshrub"
IPGL,Phlox family,Hoosier Pass ipomopsis,Plantae,Magnoliophyta,Magnoliopsida,Solanales,Polemoniaceae,Ipomopsis,Ipomopsis globularis,"Biennial, Perennial",Forb/herb
IPGU,Phlox family,sanddune ipomopsis,Plantae,Magnoliophyta,Magnoliopsida,Solanales,Polemoniaceae,Ipomopsis,Ipomopsis gunnisonii,Annual,Forb/herb
IPLA2,Phlox family,iron ipomopsis,Plantae,Magnoliophyta,Magnoliopsida,Solanales,Polemoniaceae,Ipomopsis,Ipomopsis laxiflora,"Annual, Biennial",Forb/herb
IPLO2,Phlox family,flaxflowered ipomopsis,Plantae,Magnoliophyta,Magnoliopsida,Solanales,Polemoniaceae,Ipomopsis,Ipomopsis longiflora,"Annual, Biennial",Forb/herb
IPLOL,Phlox family,flaxflowered ipomopsis,Plantae,Magnoliophyta,Magnoliopsida,Solanales,Polemoniaceae,Ipomopsis,Ipomopsis longiflora ssp. longiflora,"Annual, Biennial",Forb/herb
IPMU3,Phlox family,manyflowered ipomopsis,Plantae,Magnoliophyta,Magnoliopsida,Solanales,Polemoniaceae,Ipomopsis,Ipomopsis multiflora,Perennial,"Forb/herb, Subshrub"
IPPO,Phlox family,Pagosa ipomopsis,Plantae,Magnoliophyta,Magnoliopsida,Solanales,Polemoniaceae,Ipomopsis,Ipomopsis polyantha,Perennial,Forb/herb
IPPO2,Phlox family,manybranched ipomopsis,Plantae,Magnoliophyta,Magnoliopsida,Solanales,Polemoniaceae,Ipomopsis,Ipomopsis polycladon,Annual,Forb/herb
IPPU4,Phlox family,dwarf ipomopsis,Plantae,Magnoliophyta,Magnoliopsida,Solanales,Polemoniaceae,Ipomopsis,Ipomopsis pumila,Annual,Forb/herb
IPRA,Phlox family,coral ipomopsis,Plantae,Magnoliophyta,Magnoliopsida,Solanales,Polemoniaceae,Ipomopsis,Ipomopsis ramosa,"Biennial, Perennial",Forb/herb
IPRO,Phlox family,rosy ipomopsis,Plantae,Magnoliophyta,Magnoliopsida,Solanales,Polemoniaceae,Ipomopsis,Ipomopsis roseata,Perennial,"Forb/herb, Subshrub"
IPSP,Phlox family,spiked ipomopsis,Plantae,Magnoliophyta,Magnoliopsida,Solanales,Polemoniaceae,Ipomopsis,Ipomopsis spicata,Perennial,Forb/herb
IPSPC,Phlox family,spiked ipomopsis,Plantae,Magnoliophyta,Magnoliopsida,Solanales,Polemoniaceae,Ipomopsis,Ipomopsis spicata ssp. capitata,Perennial,Forb/herb
IPSPS,Phlox family,spiked ipomopsis,Plantae,Magnoliophyta,Magnoliopsida,Solanales,Polemoniaceae,Ipomopsis,Ipomopsis spicata ssp. spicata,Perennial,Forb/herb
IPTE4,Phlox family,slendertube skyrocket,Plantae,Magnoliophyta,Magnoliopsida,Solanales,Polemoniaceae,Ipomopsis,Ipomopsis tenuituba,Perennial,"Forb/herb, Subshrub"
IPTET2,Phlox family,slendertube skyrocket,Plantae,Magnoliophyta,Magnoliopsida,Solanales,Polemoniaceae,Ipomopsis,Ipomopsis tenuituba ssp. tenuituba,Perennial,"Forb/herb, Subshrub"
LENU8,Phlox family,Nuttall's linanthus,Plantae,Magnoliophyta,Magnoliopsida,Solanales,Polemoniaceae,Leptosiphon,Leptosiphon nuttallii,Perennial,"Forb/herb, Subshrub"
LENUN,Phlox family,Nuttall's linanthus,Plantae,Magnoliophyta,Magnoliopsida,Solanales,Polemoniaceae,Leptosiphon,Leptosiphon nuttallii ssp. nuttallii,Perennial,"Forb/herb, Subshrub"
LICA36,Phlox family,mat prickly phlox,Plantae,Magnoliophyta,Magnoliopsida,Solanales,Polemoniaceae,Linanthus,Linanthus caespitosus,Perennial,"Forb/herb, Subshrub"
LIWA4,Phlox family,Watson's prickly phlox,Plantae,Magnoliophyta,Magnoliopsida,Solanales,Polemoniaceae,Linanthus,Linanthus watsonii,Perennial,"Forb/herb, Subshrub"
NABR,Phlox family,Brewer's navarretia,Plantae,Magnoliophyta,Magnoliopsida,Solanales,Polemoniaceae,Navarretia,Navarretia breweri,Annual,Forb/herb
NAFU,Phlox family,Furniss' pincushionplant,Plantae,Magnoliophyta,Magnoliopsida,Solanales,Polemoniaceae,Navarretia,Navarretia furnissii,Annual,Forb/herb
NASI2,Phlox family,Alva Day's pincushionplant,Plantae,Magnoliophyta,Magnoliopsida,Solanales,Polemoniaceae,Navarretia,Navarretia sinistra,Annual,Forb/herb
NASIS,Phlox family,Alva Day's gilia,Plantae,Magnoliophyta,Magnoliopsida,Solanales,Polemoniaceae,Navarretia,Navarretia sinistra ssp. sinistra,Annual,Forb/herb
PHAN4,Phlox family,prairie phlox,Plantae,Magnoliophyta,Magnoliopsida,Solanales,Polemoniaceae,Phlox,Phlox andicola,Perennial,Forb/herb
PHANA,Phlox family,prairie phlox,Plantae,Magnoliophyta,Magnoliopsida,Solanales,Polemoniaceae,Phlox,Phlox andicola ssp. andicola,Perennial,Forb/herb
PHAU3,Phlox family,mountain phlox,Plantae,Magnoliophyta,Magnoliopsida,Solanales,Polemoniaceae,Phlox,Phlox austromontana,Perennial,"Forb/herb, Subshrub"
PHAUA3,Phlox family,mountain phlox,Plantae,Magnoliophyta,Magnoliopsida,Solanales,Polemoniaceae,Phlox,Phlox austromontana ssp. austromontana,Perennial,"Forb/herb, Subshrub"
PHAUD,Phlox family,dense mountain phlox,Plantae,Magnoliophyta,Magnoliopsida,Solanales,Polemoniaceae,Phlox,Phlox austromontana ssp. densa,Perennial,"Forb/herb, Subshrub"
PHCA14,Phlox family,clove phlox,Plantae,Magnoliophyta,Magnoliopsida,Solanales,Polemoniaceae,Phlox,Phlox caryophylla,Perennial,Subshrub
PHCO11,Phlox family,dwarf phlox,Plantae,Magnoliophyta,Magnoliopsida,Solanales,Polemoniaceae,Phlox,Phlox condensata,Perennial,Forb/herb
PHDIS,Phlox family,spreading phlox,Plantae,Magnoliophyta,Magnoliopsida,Solanales,Polemoniaceae,Phlox,Phlox diffusa ssp. subcarinata,Perennial,"Forb/herb, Subshrub"
PHHOG,Phlox family,carpet phlox,Plantae,Magnoliophyta,Magnoliopsida,Solanales,Polemoniaceae,Phlox,Phlox hoodii ssp. glabrata,Perennial,Forb/herb
PHHOM,Phlox family,musk phlox,Plantae,Magnoliophyta,Magnoliopsida,Solanales,Polemoniaceae,Phlox,Phlox hoodii ssp. muscoides,Perennial,Forb/herb
PHKE,Phlox family,Kelsey's phlox,Plantae,Magnoliophyta,Magnoliopsida,Solanales,Polemoniaceae,Phlox,Phlox kelseyi,Perennial,"Forb/herb, Subshrub"
PHKES,Phlox family,saline phlox,Plantae,Magnoliophyta,Magnoliopsida,Solanales,Polemoniaceae,Phlox,Phlox kelseyi ssp. salina,Perennial,"Forb/herb, Subshrub"
PHMU3,Phlox family,flowery phlox,Plantae,Magnoliophyta,Magnoliopsida,Solanales,Polemoniaceae,Phlox,Phlox multiflora,Perennial,Forb/herb
PHMUD,Phlox family,Rocky Mountain phlox,Plantae,Magnoliophyta,Magnoliopsida,Solanales,Polemoniaceae,Phlox,Phlox multiflora ssp. depressa,Perennial,Forb/herb
PHMUM,Phlox family,flowery phlox,Plantae,Magnoliophyta,Magnoliopsida,Solanales,Polemoniaceae,Phlox,Phlox multiflora ssp. multiflora,Perennial,Forb/herb
PHMUP,Phlox family,Rocky Mountain phlox,Plantae,Magnoliophyta,Magnoliopsida,Solanales,Polemoniaceae,Phlox,Phlox multiflora ssp. patula,Perennial,Forb/herb
PHPU5,Phlox family,cushion phlox,Plantae,Magnoliophyta,Magnoliopsida,Solanales,Polemoniaceae,Phlox,Phlox pulvinata,Perennial,Forb/herb
PHVA3,Phlox family,variegated phlox,Plantae,Magnoliophyta,Magnoliopsida,Solanales,Polemoniaceae,Phlox,Phlox variabilis,Perennial,Forb/herb
PHVAV,Phlox family,variegated phlox,Plantae,Magnoliophyta,Magnoliopsida,Solanales,Polemoniaceae,Phlox,Phlox variabilis ssp. variabilis,Perennial,Forb/herb
PHVI10,Phlox family,green phlox,Plantae,Magnoliophyta,Magnoliopsida,Solanales,Polemoniaceae,Phlox,Phlox viridis,Perennial,Subshrub
PHVIL2,Phlox family,green phlox,Plantae,Magnoliophyta,Magnoliopsida,Solanales,Polemoniaceae,Phlox,Phlox viridis ssp. longipes,Perennial,Subshrub
POBR8,Phlox family,Brandegee's Jacob's-ladder,Plantae,Magnoliophyta,Magnoliopsida,Solanales,Polemoniaceae,Polemonium,Polemonium brandegeei,Perennial,Forb/herb
POCO26,Phlox family,Rocky Mountain Jacob's-ladder,Plantae,Magnoliophyta,Magnoliopsida,Solanales,Polemoniaceae,Polemonium,Polemonium confertum,Perennial,Forb/herb
POFO,Phlox family,towering Jacob's-ladder,Plantae,Magnoliophyta,Magnoliopsida,Solanales,Polemoniaceae,Polemonium,Polemonium foliosissimum,Perennial,Forb/herb
POFOF3,Phlox family,towering Jacob's-ladder,Plantae,Magnoliophyta,Magnoliopsida,Solanales,Polemoniaceae,Polemonium,Polemonium foliosissimum var. foliosissimum,Perennial,Forb/herb
POFOM3,Phlox family,towering Jacob's-ladder,Plantae,Magnoliophyta,Magnoliopsida,Solanales,Polemoniaceae,Polemonium,Polemonium foliosissimum var. molle,Perennial,Forb/herb
POPUD3,Phlox family,Jacob's-ladder,Plantae,Magnoliophyta,Magnoliopsida,Solanales,Polemoniaceae,Polemonium,Polemonium pulcherrimum ssp. delicatum,Perennial,Forb/herb
POSU2,Milkwort family,spiny milkwort,Plantae,Magnoliophyta,Magnoliopsida,Polygalales,Polygalaceae,Polygala,Polygala subspinosa,Perennial,"Shrub, Subshrub"
ERAC3,Buckwheat family,singlestem buckwheat,Plantae,Magnoliophyta,Magnoliopsida,Polygonales,Polygonaceae,Eriogonum,Eriogonum acaule,Perennial,Forb/herb
ERAL4,Buckwheat family,winged buckwheat,Plantae,Magnoliophyta,Magnoliopsida,Polygonales,Polygonaceae,Eriogonum,Eriogonum alatum,Perennial,"Forb/herb, Subshrub"
ERALA2,Buckwheat family,winged buckwheat,Plantae,Magnoliophyta,Magnoliopsida,Polygonales,Polygonaceae,Eriogonum,Eriogonum alatum var. alatum,Perennial,"Forb/herb, Subshrub"
ERAN4,Buckwheat family,annual buckwheat,Plantae,Magnoliophyta,Magnoliopsida,Polygonales,Polygonaceae,Eriogonum,Eriogonum annuum,"Annual, Biennial",Forb/herb
ERBA5,Buckwheat family,Bateman's buckwheat,Plantae,Magnoliophyta,Magnoliopsida,Polygonales,Polygonaceae,Eriogonum,Eriogonum batemanii,Perennial,Forb/herb
ERBI,Buckwheat family,pretty buckwheat,Plantae,Magnoliophyta,Magnoliopsida,Polygonales,Polygonaceae,Eriogonum,Eriogonum bicolor,Perennial,"Forb/herb, Shrub, Subshrub"
ERBR9,Buckwheat family,Brandegee's buckwheat,Plantae,Magnoliophyta,Magnoliopsida,Polygonales,Polygonaceae,Eriogonum,Eriogonum brandegeei,Perennial,Forb/herb
ERBR5,Buckwheat family,shortstem buckwheat,Plantae,Magnoliophyta,Magnoliopsida,Polygonales,Polygonaceae,Eriogonum,Eriogonum brevicaule,Perennial,"Forb/herb, Subshrub"
ERBRB4,Buckwheat family,shortstem buckwheat,Plantae,Magnoliophyta,Magnoliopsida,Polygonales,Polygonaceae,Eriogonum,Eriogonum brevicaule var. brevicaule,Perennial,"Forb/herb, Subshrub"
ERCL2,Buckwheat family,Comb Wash buckwheat,Plantae,Magnoliophyta,Magnoliopsida,Polygonales,Polygonaceae,Eriogonum,Eriogonum clavellatum,Perennial,"Forb/herb, Shrub, Subshrub"
ERCO11,Buckwheat family,Colorado buckwheat,Plantae,Magnoliophyta,Magnoliopsida,Polygonales,Polygonaceae,Eriogonum,Eriogonum coloradense,Perennial,"Forb/herb, Subshrub"
ERCO13,Buckwheat family,grand buckwheat,Plantae,Magnoliophyta,Magnoliopsida,Polygonales,Polygonaceae,Eriogonum,Eriogonum contortum,Perennial,"Forb/herb, Shrub, Subshrub"
ERCO14,Buckwheat family,crispleaf buckwheat,Plantae,Magnoliophyta,Magnoliopsida,Polygonales,Polygonaceae,Eriogonum,Eriogonum corymbosum,Perennial,"Shrub, Subshrub"
ERCOC9,Buckwheat family,crispleaf buckwheat,Plantae,Magnoliophyta,Magnoliopsida,Polygonales,Polygonaceae,Eriogonum,Eriogonum corymbosum var. corymbosum,Perennial,"Shrub, Subshrub"
ERCOO,Buckwheat family,crispleaf buckwheat,Plantae,Magnoliophyta,Magnoliopsida,Polygonales,Polygonaceae,Eriogonum,Eriogonum corymbosum var. orbiculatum,Perennial,"Shrub, Subshrub"
ERCOV,Buckwheat family,crispleaf buckwheat,Plantae,Magnoliophyta,Magnoliopsida,Polygonales,Polygonaceae,Eriogonum,Eriogonum corymbosum var. velutinum,Perennial,"Shrub, Subshrub"
ERDI5,Buckwheat family,divergent buckwheat,Plantae,Magnoliophyta,Magnoliopsida,Polygonales,Polygonaceae,Eriogonum,Eriogonum divaricatum,Annual,Forb/herb
EREF,Buckwheat family,spreading buckwheat,Plantae,Magnoliophyta,Magnoliopsida,Polygonales,Polygonaceae,Eriogonum,Eriogonum effusum,Perennial,"Shrub, Subshrub"
EREFE,Buckwheat family,spreading buckwheat,Plantae,Magnoliophyta,Magnoliopsida,Polygonales,Polygonaceae,Eriogonum,Eriogonum effusum var. effusum,Perennial,"Shrub, Subshrub"
EREP,Buckwheat family,ephedra buckwheat,Plantae,Magnoliophyta,Magnoliopsida,Polygonales,Polygonaceae,Eriogonum,Eriogonum ephedroides,Perennial,Forb/herb
EREX2,Buckwheat family,dropleaf buckwheat,Plantae,Magnoliophyta,Magnoliopsida,Polygonales,Polygonaceae,Eriogonum,Eriogonum exilifolium,Perennial,Forb/herb
ERFU3,Buckwheat family,Native American pipeweed,Plantae,Magnoliophyta,Magnoliopsida,Polygonales,Polygonaceae,Eriogonum,Eriogonum fusiforme,"Annual, Perennial",Forb/herb
ERGO,Buckwheat family,Gordon's buckwheat,Plantae,Magnoliophyta,Magnoliopsida,Polygonales,Polygonaceae,Eriogonum,Eriogonum gordonii,Annual,Forb/herb
ERHEH3,Buckwheat family,parsnipflower buckwheat,Plantae,Magnoliophyta,Magnoliopsida,Polygonales,Polygonaceae,Eriogonum,Eriogonum heracleoides var. heracleoides,Perennial,"Forb/herb, Subshrub"
ERHO6,Buckwheat family,Hooker's buckwheat,Plantae,Magnoliophyta,Magnoliopsida,Polygonales,Polygonaceae,Eriogonum,Eriogonum hookeri,Annual,Forb/herb
ERIN4,Buckwheat family,desert trumpet,Plantae,Magnoliophyta,Magnoliopsida,Polygonales,Polygonaceae,Eriogonum,Eriogonum inflatum,"Annual, Perennial",Forb/herb
ERINI4,Buckwheat family,desert trumpet,Plantae,Magnoliophyta,Magnoliopsida,Polygonales,Polygonaceae,Eriogonum,Eriogonum inflatum var. inflatum,"Annual, Perennial",Forb/herb
ERJA,Buckwheat family,James' buckwheat,Plantae,Magnoliophyta,Magnoliopsida,Polygonales,Polygonaceae,Eriogonum,Eriogonum jamesii,Perennial,"Forb/herb, Subshrub"
ERJAF,Buckwheat family,James' buckwheat,Plantae,Magnoliophyta,Magnoliopsida,Polygonales,Polygonaceae,Eriogonum,Eriogonum jamesii var. flavescens,Perennial,"Forb/herb, Subshrub"
ERJAJ,Buckwheat family,James' buckwheat,Plantae,Magnoliophyta,Magnoliopsida,Polygonales,Polygonaceae,Eriogonum,Eriogonum jamesii var. jamesii,Perennial,"Forb/herb, Subshrub"
ERJAX,Buckwheat family,James' buckwheat,Plantae,Magnoliophyta,Magnoliopsida,Polygonales,Polygonaceae,Eriogonum,Eriogonum jamesii var. xanthum,Perennial,"Forb/herb, Subshrub"
ERLA3,Buckwheat family,woollycup buckwheat,Plantae,Magnoliophyta,Magnoliopsida,Polygonales,Polygonaceae,Eriogonum,Eriogonum lachnogynum,Perennial,"Forb/herb, Subshrub"
ERLAL5,Buckwheat family,woollycup buckwheat,Plantae,Magnoliophyta,Magnoliopsida,Polygonales,Polygonaceae,Eriogonum,Eriogonum lachnogynum var. lachnogynum,Perennial,"Forb/herb, Subshrub"
ERLE9,Buckwheat family,sand buckwheat,Plantae,Magnoliophyta,Magnoliopsida,Polygonales,Polygonaceae,Eriogonum,Eriogonum leptocladon,Perennial,"Shrub, Subshrub"
ERLEL,Buckwheat family,sand buckwheat,Plantae,Magnoliophyta,Magnoliopsida,Polygonales,Polygonaceae,Eriogonum,Eriogonum leptocladon var. leptocladon,Perennial,"Shrub, Subshrub"
ERLER,Buckwheat family,sand buckwheat,Plantae,Magnoliophyta,Magnoliopsida,Polygonales,Polygonaceae,Eriogonum,Eriogonum leptocladon var. ramosissimum,Perennial,"Shrub, Subshrub"
ERLE10,Buckwheat family,slenderleaf buckwheat,Plantae,Magnoliophyta,Magnoliopsida,Polygonales,Polygonaceae,Eriogonum,Eriogonum leptophyllum,Perennial,"Shrub, Subshrub"
ERLO4,Buckwheat family,spearleaf buckwheat,Plantae,Magnoliophyta,Magnoliopsida,Polygonales,Polygonaceae,Eriogonum,Eriogonum lonchophyllum,Perennial,"Forb/herb, Shrub, Subshrub"
ERLOF,Buckwheat family,spearleaf buckwheat,Plantae,Magnoliophyta,Magnoliopsida,Polygonales,Polygonaceae,Eriogonum,Eriogonum lonchophyllum var. fendlerianum,Perennial,"Forb/herb, Shrub, Subshrub"
ERLOI,Buckwheat family,spearleaf buckwheat,Plantae,Magnoliophyta,Magnoliopsida,Polygonales,Polygonaceae,Eriogonum,Eriogonum lonchophyllum var. intermontanum,Perennial,"Forb/herb, Shrub, Subshrub"
ERLOL3,Buckwheat family,spearleaf buckwheat,Plantae,Magnoliophyta,Magnoliopsida,Polygonales,Polygonaceae,Eriogonum,Eriogonum lonchophyllum var. lonchophyllum,Perennial,"Forb/herb, Shrub, Subshrub"
ERMI4,Buckwheat family,slender buckwheat,Plantae,Magnoliophyta,Magnoliopsida,Polygonales,Polygonaceae,Eriogonum,Eriogonum microthecum,Perennial,"Shrub, Subshrub"
ERMIL2,Buckwheat family,slender buckwheat,Plantae,Magnoliophyta,Magnoliopsida,Polygonales,Polygonaceae,Eriogonum,Eriogonum microthecum var. laxiflorum,Perennial,"Shrub, Subshrub"
ERMIS2,Buckwheat family,Simpson's buckwheat,Plantae,Magnoliophyta,Magnoliopsida,Polygonales,Polygonaceae,Eriogonum,Eriogonum microthecum var. simpsonii,Perennial,"Shrub, Subshrub"
EROVP2,Buckwheat family,cushion buckwheat,Plantae,Magnoliophyta,Magnoliopsida,Polygonales,Polygonaceae,Eriogonum,Eriogonum ovalifolium var. purpureum,Perennial,"Forb/herb, Subshrub"
ERPA11,Buckwheat family,Palmer's buckwheat,Plantae,Magnoliophyta,Magnoliopsida,Polygonales,Polygonaceae,Eriogonum,Eriogonum palmerianum,Annual,Forb/herb
ERPAG,Buckwheat family,fewflower buckwheat,Plantae,Magnoliophyta,Magnoliopsida,Polygonales,Polygonaceae,Eriogonum,Eriogonum pauciflorum var. gnaphalodes,Perennial,"Forb/herb, Subshrub"
ERPE10,Buckwheat family,clay-loving buckwheat,Plantae,Magnoliophyta,Magnoliopsida,Polygonales,Polygonaceae,Eriogonum,Eriogonum pelinophilum,Perennial,"Forb/herb, Subshrub"
ERRA3,Buckwheat family,redroot buckwheat,Plantae,Magnoliophyta,Magnoliopsida,Polygonales,Polygonaceae,Eriogonum,Eriogonum racemosum,Perennial,"Forb/herb, Subshrub"
ERSC4,Buckwheat family,Westwater buckwheat,Plantae,Magnoliophyta,Magnoliopsida,Polygonales,Polygonaceae,Eriogonum,Eriogonum scabrellum,Annual,Forb/herb
ERSH,Buckwheat family,Shockley's buckwheat,Plantae,Magnoliophyta,Magnoliopsida,Polygonales,Polygonaceae,Eriogonum,Eriogonum shockleyi,Perennial,Forb/herb
ERTE9,Buckwheat family,tall buckwheat,Plantae,Magnoliophyta,Magnoliopsida,Polygonales,Polygonaceae,Eriogonum,Eriogonum tenellum,Perennial,"Forb/herb, Subshrub"
ERTET,Buckwheat family,tall buckwheat,Plantae,Magnoliophyta,Magnoliopsida,Polygonales,Polygonaceae,Eriogonum,Eriogonum tenellum var. tenellum,Perennial,"Forb/herb, Subshrub"
ERTU2,Buckwheat family,Woodside buckwheat,Plantae,Magnoliophyta,Magnoliopsida,Polygonales,Polygonaceae,Eriogonum,Eriogonum tumulosum,Perennial,Forb/herb
ERUMA3,Buckwheat family,sulphur-flower buckwheat,Plantae,Magnoliophyta,Magnoliopsida,Polygonales,Polygonaceae,Eriogonum,Eriogonum umbellatum var. aureum,Perennial,"Forb/herb, Subshrub"
ERUMP2,Buckwheat family,sulphur-flower buckwheat,Plantae,Magnoliophyta,Magnoliopsida,Polygonales,Polygonaceae,Eriogonum,Eriogonum umbellatum var. porteri,Perennial,"Forb/herb, Shrub, Subshrub"
ERUMS2,Buckwheat family,sulphur-flower buckwheat,Plantae,Magnoliophyta,Magnoliopsida,Polygonales,Polygonaceae,Eriogonum,Eriogonum umbellatum var. subaridum,Perennial,"Forb/herb, Shrub, Subshrub"
ERVI13,Buckwheat family,clay hill buckwheat,Plantae,Magnoliophyta,Magnoliopsida,Polygonales,Polygonaceae,Eriogonum,Eriogonum viridulum,Perennial,Forb/herb
ERWE,Buckwheat family,Wetherill's buckwheat,Plantae,Magnoliophyta,Magnoliopsida,Polygonales,Polygonaceae,Eriogonum,Eriogonum wetherillii,Annual,Forb/herb
POPUC2,Buckwheat family,dotted smartweed,Plantae,Magnoliophyta,Magnoliopsida,Polygonales,Polygonaceae,Polygonum,Polygonum punctatum var. confertiflorum,"Annual, Perennial",Forb/herb
RUDE2,Buckwheat family,denseflowered dock,Plantae,Magnoliophyta,Magnoliopsida,Polygonales,Polygonaceae,Rumex,Rumex densiflorus,Perennial,Forb/herb
RUHY,Buckwheat family,canaigre dock,Plantae,Magnoliophyta,Magnoliopsida,Polygonales,Polygonaceae,Rumex,Rumex hymenosepalus,Perennial,Forb/herb
STFL2,Buckwheat family,bent two-whorl buckwheat,Plantae,Magnoliophyta,Magnoliopsida,Polygonales,Polygonaceae,Stenogonum,Stenogonum flexum,Annual,Forb/herb
STSA3,Buckwheat family,salty buckwheat,Plantae,Magnoliophyta,Magnoliopsida,Polygonales,Polygonaceae,Stenogonum,Stenogonum salsuginosum,Annual,Forb/herb
CLRO5,Purslane family,western springbeauty,Plantae,Magnoliophyta,Magnoliopsida,Caryophyllales,Portulacaceae,Claytonia,Claytonia rosea,Perennial,Forb/herb
LENE5,Purslane family,Nevada lewisia,Plantae,Magnoliophyta,Magnoliopsida,Caryophyllales,Portulacaceae,Lewisia,Lewisia nevadensis,Perennial,Forb/herb
PHCA48,Purslane family,largeflower fameflower,Plantae,Magnoliophyta,Magnoliopsida,Caryophyllales,Portulacaceae,Phemeranthus,Phemeranthus calycinus,Perennial,"Forb/herb, Subshrub"
PHCO47,Purslane family,New Mexico fameflower,Plantae,Magnoliophyta,Magnoliopsida,Caryophyllales,Portulacaceae,Phemeranthus,Phemeranthus confertiflorus,Perennial,Forb/herb
PHPA29,Purslane family,sunbright,Plantae,Magnoliophyta,Magnoliopsida,Caryophyllales,Portulacaceae,Phemeranthus,Phemeranthus parviflorus,Perennial,"Forb/herb, Subshrub"
POHA5,Purslane family,silkcotton purslane,Plantae,Magnoliophyta,Magnoliopsida,Caryophyllales,Portulacaceae,Portulaca,Portulaca halimoides,Annual,Forb/herb
POPI3,Purslane family,kiss me quick,Plantae,Magnoliophyta,Magnoliopsida,Caryophyllales,Portulacaceae,Portulaca,Portulaca pilosa,"Annual, Perennial",Forb/herb
ANCHC,Primrose family,sweetflower rockjasmine,Plantae,Magnoliophyta,Magnoliopsida,Primulales,Primulaceae,Androsace,Androsace chamaejasme ssp. carinata,Perennial,Forb/herb
ANFI,Primrose family,filiform rockjasmine,Plantae,Magnoliophyta,Magnoliopsida,Primulales,Primulaceae,Androsace,Androsace filiformis,Annual,Forb/herb
ANSEG2,Primrose family,pygmyflower rockjasmine,Plantae,Magnoliophyta,Magnoliopsida,Primulales,Primulaceae,Androsace,Androsace septentrionalis ssp. glandulosa,"Annual, Perennial",Forb/herb
PRAN,Primrose family,alpine primrose,Plantae,Magnoliophyta,Magnoliopsida,Primulales,Primulaceae,Primula,Primula angustifolia,Perennial,Forb/herb
PRPA,Primrose family,Parry's primrose,Plantae,Magnoliophyta,Magnoliopsida,Primulales,Primulaceae,Primula,Primula parryi,Perennial,Forb/herb
CHUMA,Shinleaf family,pipsissewa,Plantae,Magnoliophyta,Magnoliopsida,Ericales,Pyrolaceae,Chimaphila,Chimaphila umbellata ssp. acuta,Perennial,Subshrub
CHUMO2,Shinleaf family,pipsissewa,Plantae,Magnoliophyta,Magnoliopsida,Ericales,Pyrolaceae,Chimaphila,Chimaphila umbellata ssp. occidentalis,Perennial,Subshrub
ANNAZ2,Buttercup family,narcissus anemone,Plantae,Magnoliophyta,Magnoliopsida,Ranunculales,Ranunculaceae,Anemone,Anemone narcissiflora var. zephyra,Perennial,Forb/herb
AQBA,Buttercup family,oil shale columbine,Plantae,Magnoliophyta,Magnoliopsida,Ranunculales,Ranunculaceae,Aquilegia,Aquilegia barnebyi,Perennial,Forb/herb
AQCH,Buttercup family,golden columbine,Plantae,Magnoliophyta,Magnoliopsida,Ranunculales,Ranunculaceae,Aquilegia,Aquilegia chrysantha,Perennial,Forb/herb
AQCHR,Buttercup family,Rydberg's golden columbine,Plantae,Magnoliophyta,Magnoliopsida,Ranunculales,Ranunculaceae,Aquilegia,Aquilegia chrysantha var. rydbergii,Perennial,Forb/herb
AQCO,Buttercup family,Colorado blue columbine,Plantae,Magnoliophyta,Magnoliopsida,Ranunculales,Ranunculaceae,Aquilegia,Aquilegia coerulea,Perennial,Forb/herb
AQCOC,Buttercup family,Colorado blue columbine,Plantae,Magnoliophyta,Magnoliopsida,Ranunculales,Ranunculaceae,Aquilegia,Aquilegia coerulea var. coerulea,Perennial,Forb/herb
AQCOD,Buttercup family,Dailey's columbine,Plantae,Magnoliophyta,Magnoliopsida,Ranunculales,Ranunculaceae,Aquilegia,Aquilegia coerulea var. daileyae,Perennial,Forb/herb
AQCOO,Buttercup family,white Colorado columbine,Plantae,Magnoliophyta,Magnoliopsida,Ranunculales,Ranunculaceae,Aquilegia,Aquilegia coerulea var. ochroleuca,Perennial,Forb/herb
AQEL,Buttercup family,western red columbine,Plantae,Magnoliophyta,Magnoliopsida,Ranunculales,Ranunculaceae,Aquilegia,Aquilegia elegantula,Perennial,Forb/herb
AQMI,Buttercup family,Mancos columbine,Plantae,Magnoliophyta,Magnoliopsida,Ranunculales,Ranunculaceae,Aquilegia,Aquilegia micrantha,Perennial,Forb/herb
AQMIM,Buttercup family,Mancos columbine,Plantae,Magnoliophyta,Magnoliopsida,Ranunculales,Ranunculaceae,Aquilegia,Aquilegia micrantha var. mancosana,Perennial,Forb/herb
AQMIM2,Buttercup family,Mancos columbine,Plantae,Magnoliophyta,Magnoliopsida,Ranunculales,Ranunculaceae,Aquilegia,Aquilegia micrantha var. micrantha,Perennial,Forb/herb
AQPU,Buttercup family,Sierra columbine,Plantae,Magnoliophyta,Magnoliopsida,Ranunculales,Ranunculaceae,Aquilegia,Aquilegia pubescens,Perennial,Forb/herb
AQSA,Buttercup family,Rocky Mountain blue columbine,Plantae,Magnoliophyta,Magnoliopsida,Ranunculales,Ranunculaceae,Aquilegia,Aquilegia saximontana,Perennial,Forb/herb
AQSC,Buttercup family,Utah columbine,Plantae,Magnoliophyta,Magnoliopsida,Ranunculales,Ranunculaceae,Aquilegia,Aquilegia scopulorum,Perennial,Forb/herb
AQSCC,Buttercup family,Utah columbine,Plantae,Magnoliophyta,Magnoliopsida,Ranunculales,Ranunculaceae,Aquilegia,Aquilegia scopulorum var. calcarea,Perennial,Forb/herb
CLCO2,Buttercup family,rock clematis,Plantae,Magnoliophyta,Magnoliopsida,Ranunculales,Ranunculaceae,Clematis,Clematis columbiana,Perennial,Vine
CLCOC2,Buttercup family,rock clematis,Plantae,Magnoliophyta,Magnoliopsida,Ranunculales,Ranunculaceae,Clematis,Clematis columbiana var. columbiana,Perennial,Vine
CLCOT,Buttercup family,rock clematis,Plantae,Magnoliophyta,Magnoliopsida,Ranunculales,Ranunculaceae,Clematis,Clematis columbiana var. tenuiloba,Perennial,Vine
CLDR,Buttercup family,Drummond's clematis,Plantae,Magnoliophyta,Magnoliopsida,Ranunculales,Ranunculaceae,Clematis,Clematis drummondii,Perennial,Vine
CLHI,Buttercup family,hairy clematis,Plantae,Magnoliophyta,Magnoliopsida,Ranunculales,Ranunculaceae,Clematis,Clematis hirsutissima,Perennial,"Forb/herb, Subshrub"
CLHIH,Buttercup family,hairy clematis,Plantae,Magnoliophyta,Magnoliopsida,Ranunculales,Ranunculaceae,Clematis,Clematis hirsutissima var. hirsutissima,Perennial,"Forb/herb, Subshrub"
CLHIS,Buttercup family,Scott's clematis,Plantae,Magnoliophyta,Magnoliopsida,Ranunculales,Ranunculaceae,Clematis,Clematis hirsutissima var. scottii,Perennial,"Forb/herb, Subshrub"
DEOC,Buttercup family,,Plantae,Magnoliophyta,Magnoliopsida,Ranunculales,Ranunculaceae,Delphinium,Delphinium Ã—occidentale,Perennial,Forb/herb
DEAL,Buttercup family,Colorado larkspur,Plantae,Magnoliophyta,Magnoliopsida,Ranunculales,Ranunculaceae,Delphinium,Delphinium alpestre,Perennial,Forb/herb
DEBA2,Buttercup family,subalpine larkspur,Plantae,Magnoliophyta,Magnoliopsida,Ranunculales,Ranunculaceae,Delphinium,Delphinium barbeyi,Perennial,Forb/herb
DEGE2,Buttercup family,Geyer's larkspur,Plantae,Magnoliophyta,Magnoliopsida,Ranunculales,Ranunculaceae,Delphinium,Delphinium geyeri,Perennial,Forb/herb
DERA,Buttercup family,mountain larkspur,Plantae,Magnoliophyta,Magnoliopsida,Ranunculales,Ranunculaceae,Delphinium,Delphinium ramosum,Perennial,Forb/herb
DERO,Buttercup family,Wahatoya Creek larkspur,Plantae,Magnoliophyta,Magnoliopsida,Ranunculales,Ranunculaceae,Delphinium,Delphinium robustum,Perennial,Forb/herb
DESC,Buttercup family,tall mountain larkspur,Plantae,Magnoliophyta,Magnoliopsida,Ranunculales,Ranunculaceae,Delphinium,Delphinium scaposum,Perennial,Forb/herb
DEWO,Buttercup family,Organ Mountain larkspur,Plantae,Magnoliophyta,Magnoliopsida,Ranunculales,Ranunculaceae,Delphinium,Delphinium wootonii,Perennial,Forb/herb
MYCU,Buttercup family,Arizona mousetail,Plantae,Magnoliophyta,Magnoliopsida,Ranunculales,Ranunculaceae,Myosurus,Myosurus cupulatus,Annual,Forb/herb
MYNI,Buttercup family,western mousetail,Plantae,Magnoliophyta,Magnoliopsida,Ranunculales,Ranunculaceae,Myosurus,Myosurus nitidus,Annual,Forb/herb
RAAC2,Buttercup family,sharpleaf buttercup,Plantae,Magnoliophyta,Magnoliopsida,Ranunculales,Ranunculaceae,Ranunculus,Ranunculus acriformis,Perennial,Forb/herb
RAACA2,Buttercup family,sharpleaf buttercup,Plantae,Magnoliophyta,Magnoliopsida,Ranunculales,Ranunculaceae,Ranunculus,Ranunculus acriformis var. acriformis,Perennial,Forb/herb
RAAD,Buttercup family,alpine buttercup,Plantae,Magnoliophyta,Magnoliopsida,Ranunculales,Ranunculaceae,Ranunculus,Ranunculus adoneus,Perennial,Forb/herb
RAADA2,Buttercup family,alpine buttercup,Plantae,Magnoliophyta,Magnoliopsida,Ranunculales,Ranunculaceae,Ranunculus,Ranunculus adoneus var. adoneus,Perennial,Forb/herb
RAADA,Buttercup family,alpine buttercup,Plantae,Magnoliophyta,Magnoliopsida,Ranunculales,Ranunculaceae,Ranunculus,Ranunculus adoneus var. alpinus,Perennial,Forb/herb
RAALM,Buttercup family,waterplantain buttercup,Plantae,Magnoliophyta,Magnoliopsida,Ranunculales,Ranunculaceae,Ranunculus,Ranunculus alismifolius var. montanus,Perennial,Forb/herb
RACO10,Buttercup family,Colorado buttercup,Plantae,Magnoliophyta,Magnoliopsida,Ranunculales,Ranunculaceae,Ranunculus,Ranunculus coloradensis,Perennial,Forb/herb
RAINA,Buttercup family,graceful buttercup,Plantae,Magnoliophyta,Magnoliopsida,Ranunculales,Ranunculaceae,Ranunculus,Ranunculus inamoenus var. alpeophilus,Perennial,Forb/herb
RAJO,Buttercup family,Utah buttercup,Plantae,Magnoliophyta,Magnoliopsida,Ranunculales,Ranunculaceae,Ranunculus,Ranunculus jovis,Perennial,Forb/herb
RALO2,Buttercup family,longbeak buttercup,Plantae,Magnoliophyta,Magnoliopsida,Ranunculales,Ranunculaceae,Ranunculus,Ranunculus longirostris,Perennial,Forb/herb
RAMA,Buttercup family,Rocky Mountain buttercup,Plantae,Magnoliophyta,Magnoliopsida,Ranunculales,Ranunculaceae,Ranunculus,Ranunculus macauleyi,Perennial,Forb/herb
RAMAB,Buttercup family,Brandegee's buttercup,Plantae,Magnoliophyta,Magnoliopsida,Ranunculales,Ranunculaceae,Ranunculus,Ranunculus macauleyi var. brandegeei,Perennial,Forb/herb
RAMAM,Buttercup family,Rocky Mountain buttercup,Plantae,Magnoliophyta,Magnoliopsida,Ranunculales,Ranunculaceae,Ranunculus,Ranunculus macauleyi var. macauleyi,Perennial,Forb/herb
RAOR,Buttercup family,Oregon buttercup,Plantae,Magnoliophyta,Magnoliopsida,Ranunculales,Ranunculaceae,Ranunculus,Ranunculus oreogenes,Perennial,Forb/herb
RARA,Buttercup family,tadpole buttercup,Plantae,Magnoliophyta,Magnoliopsida,Ranunculales,Ranunculaceae,Ranunculus,Ranunculus ranunculinus,Perennial,Forb/herb
RAUNE,Buttercup family,Earle's buttercup,Plantae,Magnoliophyta,Magnoliopsida,Ranunculales,Ranunculaceae,Ranunculus,Ranunculus uncinatus var. earlei,"Annual, Perennial",Forb/herb
THFE,Buttercup family,Fendler's meadow-rue,Plantae,Magnoliophyta,Magnoliopsida,Ranunculales,Ranunculaceae,Thalictrum,Thalictrum fendleri,Perennial,Forb/herb
THFEF,Buttercup family,Fendler's meadow-rue,Plantae,Magnoliophyta,Magnoliopsida,Ranunculales,Ranunculaceae,Thalictrum,Thalictrum fendleri var. fendleri,Perennial,Forb/herb
THHE2,Buttercup family,Cathedral Bluff meadow-rue,Plantae,Magnoliophyta,Magnoliopsida,Ranunculales,Ranunculaceae,Thalictrum,Thalictrum heliophilum,Perennial,Forb/herb
THSPS,Buttercup family,fewflower meadow-rue,Plantae,Magnoliophyta,Magnoliopsida,Ranunculales,Ranunculaceae,Thalictrum,Thalictrum sparsiflorum var. saximontanum,Perennial,Forb/herb
TRCAO,Buttercup family,western bugbane,Plantae,Magnoliophyta,Magnoliopsida,Ranunculales,Ranunculaceae,Trautvetteria,Trautvetteria caroliniensis var. occidentalis,Perennial,Forb/herb
CEFE,Buckthorn family,Fendler's ceanothus,Plantae,Magnoliophyta,Magnoliopsida,Rhamnales,Rhamnaceae,Ceanothus,Ceanothus fendleri,Perennial,Shrub
CEMA2,Buckthorn family,Martin's ceanothus,Plantae,Magnoliophyta,Magnoliopsida,Rhamnales,Rhamnaceae,Ceanothus,Ceanothus martinii,Perennial,Shrub
FRBE2,Buckthorn family,beechleaf frangula,Plantae,Magnoliophyta,Magnoliopsida,Rhamnales,Rhamnaceae,Frangula,Frangula betulifolia,Perennial,"Shrub, Tree"
FRBEO,Buckthorn family,obovate buckthorn,Plantae,Magnoliophyta,Magnoliopsida,Rhamnales,Rhamnaceae,Frangula,Frangula betulifolia ssp. obovata,Perennial,Tree
RHSM,Buckthorn family,Smith's buckthorn,Plantae,Magnoliophyta,Magnoliopsida,Rhamnales,Rhamnaceae,Rhamnus,Rhamnus smithii,Perennial,Shrub
AMPU5,Rose family,dwarf serviceberry,Plantae,Magnoliophyta,Magnoliopsida,Rosales,Rosaceae,Amelanchier,Amelanchier pumila,Perennial,Shrub
AMUT,Rose family,Utah serviceberry,Plantae,Magnoliophyta,Magnoliopsida,Rosales,Rosaceae,Amelanchier,Amelanchier utahensis,Perennial,"Shrub, Tree"
AMUTU,Rose family,Utah serviceberry,Plantae,Magnoliophyta,Magnoliopsida,Rosales,Rosaceae,Amelanchier,Amelanchier utahensis var. utahensis,Perennial,"Shrub, Tree"
CEIN7,Rose family,littleleaf mountain mahogany,Plantae,Magnoliophyta,Magnoliopsida,Rosales,Rosaceae,Cercocarpus,Cercocarpus intricatus,Perennial,Shrub
CELE3,Rose family,curl-leaf mountain mahogany,Plantae,Magnoliophyta,Magnoliopsida,Rosales,Rosaceae,Cercocarpus,Cercocarpus ledifolius,Perennial,"Shrub, Tree"
CELEI,Rose family,curl-leaf mountain mahogany,Plantae,Magnoliophyta,Magnoliopsida,Rosales,Rosaceae,Cercocarpus,Cercocarpus ledifolius var. intercedens,Perennial,"Shrub, Tree"
CELEL,Rose family,curl-leaf mountain mahogany,Plantae,Magnoliophyta,Magnoliopsida,Rosales,Rosaceae,Cercocarpus,Cercocarpus ledifolius var. ledifolius,Perennial,"Shrub, Tree"
CEMO2,Rose family,alderleaf mountain mahogany,Plantae,Magnoliophyta,Magnoliopsida,Rosales,Rosaceae,Cercocarpus,Cercocarpus montanus,Perennial,"Shrub, Tree"
CEMOA,Rose family,silver mountain mahogany,Plantae,Magnoliophyta,Magnoliopsida,Rosales,Rosaceae,Cercocarpus,Cercocarpus montanus var. argenteus,Perennial,"Shrub, Tree"
CEMOM4,Rose family,alderleaf mountain mahogany,Plantae,Magnoliophyta,Magnoliopsida,Rosales,Rosaceae,Cercocarpus,Cercocarpus montanus var. montanus,Perennial,"Shrub, Tree"
CORA,Rose family,blackbrush,Plantae,Magnoliophyta,Magnoliopsida,Rosales,Rosaceae,Coleogyne,Coleogyne ramosissima,Perennial,Shrub
CRER,Rose family,cerro hawthorn,Plantae,Magnoliophyta,Magnoliopsida,Rosales,Rosaceae,Crataegus,Crataegus erythropoda,Perennial,"Shrub, Tree"
CRRI,Rose family,river hawthorn,Plantae,Magnoliophyta,Magnoliopsida,Rosales,Rosaceae,Crataegus,Crataegus rivularis,Perennial,"Shrub, Tree"
CRSA2,Rose family,willow hawthorn,Plantae,Magnoliophyta,Magnoliopsida,Rosales,Rosaceae,Crataegus,Crataegus saligna,Perennial,"Shrub, Tree"
FAPA,Rose family,Apache plume,Plantae,Magnoliophyta,Magnoliopsida,Rosales,Rosaceae,Fallugia,Fallugia paradoxa,Perennial,Shrub
GEROT,Rose family,Ross' avens,Plantae,Magnoliophyta,Magnoliopsida,Rosales,Rosaceae,Geum,Geum rossii var. turbinatum,Perennial,Forb/herb
HODU,Rose family,rockspirea,Plantae,Magnoliophyta,Magnoliopsida,Rosales,Rosaceae,Holodiscus,Holodiscus dumosus,Perennial,Shrub
IVGO,Rose family,Gordon's ivesia,Plantae,Magnoliophyta,Magnoliopsida,Rosales,Rosaceae,Ivesia,Ivesia gordonii,Perennial,"Forb/herb, Subshrub"
PERA4,Rose family,wild crab apple,Plantae,Magnoliophyta,Magnoliopsida,Rosales,Rosaceae,Peraphyllum,Peraphyllum ramosissimum,Perennial,Shrub
PECA12,Rose family,mat rockspirea,Plantae,Magnoliophyta,Magnoliopsida,Rosales,Rosaceae,Petrophytum,Petrophytum caespitosum,Perennial,Subshrub
PECAC2,Rose family,mat rockspirea,Plantae,Magnoliophyta,Magnoliopsida,Rosales,Rosaceae,Petrophytum,Petrophytum caespitosum var. caespitosum,Perennial,Subshrub
PHAL7,Rose family,dwarf ninebark,Plantae,Magnoliophyta,Magnoliopsida,Rosales,Rosaceae,Physocarpus,Physocarpus alternans,Perennial,Shrub
PHALA6,Rose family,dwarf ninebark,Plantae,Magnoliophyta,Magnoliopsida,Rosales,Rosaceae,Physocarpus,Physocarpus alternans ssp. alternans,Perennial,Shrub
PHMO4,Rose family,mountain ninebark,Plantae,Magnoliophyta,Magnoliopsida,Rosales,Rosaceae,Physocarpus,Physocarpus monogynus,Perennial,Shrub
POAM6,Rose family,silkyleaf cinquefoil,Plantae,Magnoliophyta,Magnoliopsida,Rosales,Rosaceae,Potentilla,Potentilla ambigens,Perennial,Forb/herb
POCOB,Rose family,elegant cinquefoil,Plantae,Magnoliophyta,Magnoliopsida,Rosales,Rosaceae,Potentilla,Potentilla concinna var. bicrenata,Perennial,"Forb/herb, Subshrub"
POCR4,Rose family,bearded cinquefoil,Plantae,Magnoliophyta,Magnoliopsida,Rosales,Rosaceae,Potentilla,Potentilla crinita,Perennial,Forb/herb
POCRC2,Rose family,bearded cinquefoil,Plantae,Magnoliophyta,Magnoliopsida,Rosales,Rosaceae,Potentilla,Potentilla crinita var. crinita,Perennial,Forb/herb
POGLG3,Rose family,sticky cinquefoil,Plantae,Magnoliophyta,Magnoliopsida,Rosales,Rosaceae,Potentilla,Potentilla glandulosa ssp. glabrata,Perennial,"Forb/herb, Subshrub"
POGRB,Rose family,slender cinquefoil,Plantae,Magnoliophyta,Magnoliopsida,Rosales,Rosaceae,Potentilla,Potentilla gracilis var. brunnescens,Perennial,"Forb/herb, Subshrub"
POOVD,Rose family,sheep cinquefoil,Plantae,Magnoliophyta,Magnoliopsida,Rosales,Rosaceae,Potentilla,Potentilla ovina var. decurrens,Perennial,Forb/herb
POPE23,Rose family,combleaf cinquefoil,Plantae,Magnoliophyta,Magnoliopsida,Rosales,Rosaceae,Potentilla,Potentilla pectinisecta,Perennial,"Forb/herb, Subshrub"
PORU4,Rose family,rock cinquefoil,Plantae,Magnoliophyta,Magnoliopsida,Rosales,Rosaceae,Potentilla,Potentilla rupincola,Perennial,Forb/herb
POSU6,Rose family,Navajo cinquefoil,Plantae,Magnoliophyta,Magnoliopsida,Rosales,Rosaceae,Potentilla,Potentilla subviscosa,Perennial,Forb/herb
POSUS,Rose family,Navajo cinquefoil,Plantae,Magnoliophyta,Magnoliopsida,Rosales,Rosaceae,Potentilla,Potentilla subviscosa var. subviscosa,Perennial,Forb/herb
PRAN3,Rose family,Chickasaw plum,Plantae,Magnoliophyta,Magnoliopsida,Rosales,Rosaceae,Prunus,Prunus angustifolia,Perennial,"Shrub, Tree"
PRANA,Rose family,Chickasaw plum,Plantae,Magnoliophyta,Magnoliopsida,Rosales,Rosaceae,Prunus,Prunus angustifolia var. angustifolia,Perennial,"Shrub, Tree"
PRGR,Rose family,Oklahoma plum,Plantae,Magnoliophyta,Magnoliopsida,Rosales,Rosaceae,Prunus,Prunus gracilis,Perennial,Shrub
PRRI,Rose family,creek plum,Plantae,Magnoliophyta,Magnoliopsida,Rosales,Rosaceae,Prunus,Prunus rivularis,Perennial,Shrub
PUST,Rose family,Stansbury cliffrose,Plantae,Magnoliophyta,Magnoliopsida,Rosales,Rosaceae,Purshia,Purshia stansburiana,Perennial,"Shrub, Tree"
ROMA3,Rose family,Mancos rose,Plantae,Magnoliophyta,Magnoliopsida,Rosales,Rosaceae,Rosa,Rosa manca,Perennial,Subshrub
RUDE,Rose family,delicious raspberry,Plantae,Magnoliophyta,Magnoliopsida,Rosales,Rosaceae,Rubus,Rubus deliciosus,Perennial,"Subshrub, Vine"
RUNE,Rose family,New Mexico raspberry,Plantae,Magnoliophyta,Magnoliopsida,Rosales,Rosaceae,Rubus,Rubus neomexicanus,Perennial,Subshrub
GACO2,Madder family,Colorado bedstraw,Plantae,Magnoliophyta,Magnoliopsida,Rubiales,Rubiaceae,Galium,Galium coloradoense,Perennial,"Forb/herb, Subshrub"
GAMEA,Madder family,Mexican bedstraw,Plantae,Magnoliophyta,Magnoliopsida,Rubiales,Rubiaceae,Galium,Galium mexicanum ssp. asperrimum,Perennial,"Forb/herb, Vine"
STNI6,Madder family,diamond-flowers,Plantae,Magnoliophyta,Magnoliopsida,Rubiales,Rubiaceae,Stenaria,Stenaria nigricans,Perennial,"Forb/herb, Subshrub"
STNIN,Madder family,diamondflowers,Plantae,Magnoliophyta,Magnoliopsida,Rubiales,Rubiaceae,Stenaria,Stenaria nigricans var. nigricans,Perennial,"Forb/herb, Subshrub"
PTTRP,Rue family,pallid hoptree,Plantae,Magnoliophyta,Magnoliopsida,Sapindales,Rutaceae,Ptelea,Ptelea trifoliata ssp. pallida,Perennial,"Shrub, Tree"
PTTRC2,Rue family,pallid hoptree,Plantae,Magnoliophyta,Magnoliopsida,Sapindales,Rutaceae,Ptelea,Ptelea trifoliata ssp. pallida var. confinis,Perennial,"Shrub, Tree"
PTTRP2,Rue family,pallid hoptree,Plantae,Magnoliophyta,Magnoliopsida,Sapindales,Rutaceae,Ptelea,Ptelea trifoliata ssp. polyadenia,Perennial,"Shrub, Tree"
THTE2,Rue family,rue of the mountains,Plantae,Magnoliophyta,Magnoliopsida,Sapindales,Rutaceae,Thamnosma,Thamnosma texana,Perennial,"Forb/herb, Subshrub"
PODEW,Willow family,Rio Grande cottonwood,Plantae,Magnoliophyta,Magnoliopsida,Salicales,Salicaceae,Populus,Populus deltoides ssp. wislizeni,Perennial,Tree
POFR2,Willow family,Fremont cottonwood,Plantae,Magnoliophyta,Magnoliopsida,Salicales,Salicaceae,Populus,Populus fremontii,Perennial,Tree
POFRF3,Willow family,Fremont cottonwood,Plantae,Magnoliophyta,Magnoliopsida,Salicales,Salicaceae,Populus,Populus fremontii ssp. fremontii,Perennial,Tree
SAGL3,Willow family,hybrid willow,Plantae,Magnoliophyta,Magnoliopsida,Salicales,Salicaceae,Salix,Salix Ã—glatfelteri,Perennial,Tree
SAPR7,Willow family,hybrid willow,Plantae,Magnoliophyta,Magnoliopsida,Salicales,Salicaceae,Salix,Salix Ã—princeps-ourayi,Perennial,Tree
SAAR14,Willow family,Arizona willow,Plantae,Magnoliophyta,Magnoliopsida,Salicales,Salicaceae,Salix,Salix arizonica,Perennial,Shrub
SAGO,Willow family,Goodding's willow,Plantae,Magnoliophyta,Magnoliopsida,Salicales,Salicaceae,Salix,Salix gooddingii,Perennial,Tree
SAIR,Willow family,dewystem willow,Plantae,Magnoliophyta,Magnoliopsida,Salicales,Salicaceae,Salix,Salix irrorata,Perennial,Shrub
SALI,Willow family,strapleaf willow,Plantae,Magnoliophyta,Magnoliopsida,Salicales,Salicaceae,Salix,Salix ligulifolia,Perennial,"Shrub, Tree"
SAMO2,Willow family,park willow,Plantae,Magnoliophyta,Magnoliopsida,Salicales,Salicaceae,Salix,Salix monticola,Perennial,"Shrub, Tree"
SAOR,Willow family,Sierra willow,Plantae,Magnoliophyta,Magnoliopsida,Salicales,Salicaceae,Salix,Salix orestera,Perennial,Shrub
SAWO,Willow family,Wolf's willow,Plantae,Magnoliophyta,Magnoliopsida,Salicales,Salicaceae,Salix,Salix wolfii,Perennial,Shrub
SASA4,Soapberry family,wingleaf soapberry,Plantae,Magnoliophyta,Magnoliopsida,Sapindales,Sapindaceae,Sapindus,Sapindus saponaria,Perennial,"Shrub, Tree"
SASAD,Soapberry family,western soapberry,Plantae,Magnoliophyta,Magnoliopsida,Sapindales,Sapindaceae,Sapindus,Sapindus saponaria var. drummondii,Perennial,"Shrub, Tree"
ANCA10,Lizard's-tail family,yerba mansa,Plantae,Magnoliophyta,Magnoliopsida,Piperales,Saururaceae,Anemopsis,Anemopsis californica,Perennial,Forb/herb
HEBR2,Saxifrage family,bracted alumroot,Plantae,Magnoliophyta,Magnoliopsida,Rosales,Saxifragaceae,Heuchera,Heuchera bracteata,Perennial,Forb/herb
HEHA2,Saxifrage family,Front Range alumroot,Plantae,Magnoliophyta,Magnoliopsida,Rosales,Saxifragaceae,Heuchera,Heuchera hallii,Perennial,Forb/herb
HEPAF,Saxifrage family,littleleaf alumroot,Plantae,Magnoliophyta,Magnoliopsida,Rosales,Saxifragaceae,Heuchera,Heuchera parvifolia var. flavescens,Perennial,Forb/herb
HEPAM,Saxifrage family,littleleaf alumroot,Plantae,Magnoliophyta,Magnoliopsida,Rosales,Saxifragaceae,Heuchera,Heuchera parvifolia var. major,Perennial,Forb/herb
HEPAM2,Saxifrage family,littleleaf alumroot,Plantae,Magnoliophyta,Magnoliopsida,Rosales,Saxifragaceae,Heuchera,Heuchera parvifolia var. microcarpa,Perennial,Forb/herb
HEPAN,Saxifrage family,littleleaf alumroot,Plantae,Magnoliophyta,Magnoliopsida,Rosales,Saxifragaceae,Heuchera,Heuchera parvifolia var. nivalis,Perennial,Forb/herb
HEPAP6,Saxifrage family,littleleaf alumroot,Plantae,Magnoliophyta,Magnoliopsida,Rosales,Saxifragaceae,Heuchera,Heuchera parvifolia var. parvifolia,Perennial,Forb/herb
HERU,Saxifrage family,pink alumroot,Plantae,Magnoliophyta,Magnoliopsida,Rosales,Saxifragaceae,Heuchera,Heuchera rubescens,Perennial,Forb/herb
HERUR2,Saxifrage family,pink alumroot,Plantae,Magnoliophyta,Magnoliopsida,Rosales,Saxifragaceae,Heuchera,Heuchera rubescens var. rubescens,Perennial,Forb/herb
HERUV,Saxifrage family,pink alumroot,Plantae,Magnoliophyta,Magnoliopsida,Rosales,Saxifragaceae,Heuchera,Heuchera rubescens var. versicolor,Perennial,Forb/herb
MIST3,Saxifrage family,smallflower miterwort,Plantae,Magnoliophyta,Magnoliopsida,Rosales,Saxifragaceae,Mitella,Mitella stauropetala,Perennial,Forb/herb
MISTS,Saxifrage family,drywoods miterwort,Plantae,Magnoliophyta,Magnoliopsida,Rosales,Saxifragaceae,Mitella,Mitella stauropetala var. stenopetala,Perennial,Forb/herb
PAPAM2,Saxifrage family,mountain grass of Parnassus,Plantae,Magnoliophyta,Magnoliopsida,Rosales,Saxifragaceae,Parnassia,Parnassia palustris var. montanensis,Perennial,Forb/herb
SACAD2,Saxifrage family,tufted alpine saxifrage,Plantae,Magnoliophyta,Magnoliopsida,Rosales,Saxifragaceae,Saxifraga,Saxifraga caespitosa ssp. delicatula,Perennial,Forb/herb
SACAM2,Saxifrage family,tufted alpine saxifrage,Plantae,Magnoliophyta,Magnoliopsida,Rosales,Saxifragaceae,Saxifraga,Saxifraga caespitosa ssp. monticola,Perennial,Forb/herb
SACH4,Saxifrage family,goldbloom saxifrage,Plantae,Magnoliophyta,Magnoliopsida,Rosales,Saxifragaceae,Saxifraga,Saxifraga chrysantha,Perennial,Forb/herb
SAFLC,Saxifrage family,Crandall's saxifrage,Plantae,Magnoliophyta,Magnoliopsida,Rosales,Saxifragaceae,Saxifraga,Saxifraga flagellaris ssp. crandallii,Perennial,Forb/herb
SARH2,Saxifrage family,diamondleaf saxifrage,Plantae,Magnoliophyta,Magnoliopsida,Rosales,Saxifragaceae,Saxifraga,Saxifraga rhomboidea,Perennial,Forb/herb
SUHA,Saxifrage family,Hapeman's coolwort,Plantae,Magnoliophyta,Magnoliopsida,Rosales,Saxifragaceae,Sullivantia,Sullivantia hapemanii,Perennial,Forb/herb
SUHAP,Saxifrage family,Purpus' sullivantia,Plantae,Magnoliophyta,Magnoliopsida,Rosales,Saxifragaceae,Sullivantia,Sullivantia hapemanii var. purpusii,Perennial,Forb/herb
TEJA,Saxifrage family,James' telesonix,Plantae,Magnoliophyta,Magnoliopsida,Rosales,Saxifragaceae,Telesonix,Telesonix jamesii,Perennial,Forb/herb
BEAL,Figwort family,alpine besseya,Plantae,Magnoliophyta,Magnoliopsida,Scrophulariales,Scrophulariaceae,Besseya,Besseya alpina,Perennial,Forb/herb
BEPL,Figwort family,White River coraldrops,Plantae,Magnoliophyta,Magnoliopsida,Scrophulariales,Scrophulariaceae,Besseya,Besseya plantaginea,Perennial,Forb/herb
BERI,Figwort family,Ritter's coraldrops,Plantae,Magnoliophyta,Magnoliopsida,Scrophulariales,Scrophulariaceae,Besseya,Besseya ritteriana,Perennial,Forb/herb
CAAN7,Figwort family,northwestern Indian paintbrush,Plantae,Magnoliophyta,Magnoliopsida,Scrophulariales,Scrophulariaceae,Castilleja,Castilleja angustifolia,Perennial,"Forb/herb, Subshrub"
CAAND,Figwort family,northwestern Indian paintbrush,Plantae,Magnoliophyta,Magnoliopsida,Scrophulariales,Scrophulariaceae,Castilleja,Castilleja angustifolia var. dubia,Perennial,"Forb/herb, Subshrub"
CAFL7,Figwort family,yellow Indian paintbrush,Plantae,Magnoliophyta,Magnoliopsida,Scrophulariales,Scrophulariaceae,Castilleja,Castilleja flava,Perennial,"Forb/herb, Subshrub"
CAFLF3,Figwort family,yellow Indian paintbrush,Plantae,Magnoliophyta,Magnoliopsida,Scrophulariales,Scrophulariaceae,Castilleja,Castilleja flava var. flava,Perennial,"Forb/herb, Subshrub"
CAHA16,Figwort family,Hayden's Indian paintbrush,Plantae,Magnoliophyta,Magnoliopsida,Scrophulariales,Scrophulariaceae,Castilleja,Castilleja haydenii,Perennial,Forb/herb
CAIN14,Figwort family,wholeleaf Indian paintbrush,Plantae,Magnoliophyta,Magnoliopsida,Scrophulariales,Scrophulariaceae,Castilleja,Castilleja integra,Perennial,"Forb/herb, Subshrub"
CAINI5,Figwort family,wholeleaf Indian paintbrush,Plantae,Magnoliophyta,Magnoliopsida,Scrophulariales,Scrophulariaceae,Castilleja,Castilleja integra var. integra,Perennial,"Forb/herb, Subshrub"
CALI4,Figwort family,Wyoming Indian paintbrush,Plantae,Magnoliophyta,Magnoliopsida,Scrophulariales,Scrophulariaceae,Castilleja,Castilleja linariifolia,Perennial,"Forb/herb, Subshrub"
CALI5,Figwort family,marshmeadow Indian paintbrush,Plantae,Magnoliophyta,Magnoliopsida,Scrophulariales,Scrophulariaceae,Castilleja,Castilleja lineata,Perennial,"Forb/herb, Subshrub"
CAPU19,Figwort family,shortflower Indian paintbrush,Plantae,Magnoliophyta,Magnoliopsida,Scrophulariales,Scrophulariaceae,Castilleja,Castilleja puberula,Perennial,Forb/herb
CASC19,Figwort family,rough Indian paintbrush,Plantae,Magnoliophyta,Magnoliopsida,Scrophulariales,Scrophulariaceae,Castilleja,Castilleja scabrida,Perennial,Forb/herb
CASCS4,Figwort family,Zion Indian paintbrush,Plantae,Magnoliophyta,Magnoliopsida,Scrophulariales,Scrophulariaceae,Castilleja,Castilleja scabrida var. scabrida,Perennial,Forb/herb
CHJA,Figwort family,Rocky Mountain snowlover,Plantae,Magnoliophyta,Magnoliopsida,Scrophulariales,Scrophulariaceae,Chionophila,Chionophila jamesii,Perennial,Forb/herb
CORA5,Figwort family,bushy bird's beak,Plantae,Magnoliophyta,Magnoliopsida,Scrophulariales,Scrophulariaceae,Cordylanthus,Cordylanthus ramosus,Annual,Forb/herb
COWR2,Figwort family,Wright's bird's beak,Plantae,Magnoliophyta,Magnoliopsida,Scrophulariales,Scrophulariaceae,Cordylanthus,Cordylanthus wrightii,Annual,Forb/herb
COWRW,Figwort family,Wright's bird's beak,Plantae,Magnoliophyta,Magnoliopsida,Scrophulariales,Scrophulariaceae,Cordylanthus,Cordylanthus wrightii ssp. wrightii,Annual,Forb/herb
MIEA,Figwort family,Eastwood's monkeyflower,Plantae,Magnoliophyta,Magnoliopsida,Scrophulariales,Scrophulariaceae,Mimulus,Mimulus eastwoodiae,Perennial,Forb/herb
MIGE,Figwort family,Rocky Mountain monkeyflower,Plantae,Magnoliophyta,Magnoliopsida,Scrophulariales,Scrophulariaceae,Mimulus,Mimulus gemmiparus,Annual,Forb/herb
MIGLG,Figwort family,roundleaf monkeyflower,Plantae,Magnoliophyta,Magnoliopsida,Scrophulariales,Scrophulariaceae,Mimulus,Mimulus glabratus var. glabratus,Perennial,Forb/herb
MINA,Figwort family,dwarf purple monkeyflower,Plantae,Magnoliophyta,Magnoliopsida,Scrophulariales,Scrophulariaceae,Mimulus,Mimulus nanus,Annual,Forb/herb
MINAN2,Figwort family,dwarf purple monkeyflower,Plantae,Magnoliophyta,Magnoliopsida,Scrophulariales,Scrophulariaceae,Mimulus,Mimulus nanus var. nanus,Annual,Forb/herb
MIRU,Figwort family,little redstem monkeyflower,Plantae,Magnoliophyta,Magnoliopsida,Scrophulariales,Scrophulariaceae,Mimulus,Mimulus rubellus,Annual,Forb/herb
MISU2,Figwort family,Suksdorf's monkeyflower,Plantae,Magnoliophyta,Magnoliopsida,Scrophulariales,Scrophulariaceae,Mimulus,Mimulus suksdorfii,Annual,Forb/herb
ORPU2,Figwort family,purplewhite owl's-clover,Plantae,Magnoliophyta,Magnoliopsida,Scrophulariales,Scrophulariaceae,Orthocarpus,Orthocarpus purpureoalbus,Annual,Forb/herb
PEBRP2,Figwort family,Payson's lousewort,Plantae,Magnoliophyta,Magnoliopsida,Scrophulariales,Scrophulariaceae,Pedicularis,Pedicularis bracteosa var. paysoniana,Perennial,Forb/herb
PECAF,Figwort family,Canadian lousewort,Plantae,Magnoliophyta,Magnoliopsida,Scrophulariales,Scrophulariaceae,Pedicularis,Pedicularis canadensis ssp. fluviatilis,Perennial,"Forb/herb, Subshrub"
PECE,Figwort family,dwarf lousewort,Plantae,Magnoliophyta,Magnoliopsida,Scrophulariales,Scrophulariaceae,Pedicularis,Pedicularis centranthera,Perennial,Forb/herb
PECR,Figwort family,meadow lousewort,Plantae,Magnoliophyta,Magnoliopsida,Scrophulariales,Scrophulariaceae,Pedicularis,Pedicularis crenulata,Perennial,Forb/herb
PEPA3,Figwort family,Parry's lousewort,Plantae,Magnoliophyta,Magnoliopsida,Scrophulariales,Scrophulariaceae,Pedicularis,Pedicularis parryi,Perennial,Forb/herb
PEPAM4,Figwort family,Mogollon lousewort,Plantae,Magnoliophyta,Magnoliopsida,Scrophulariales,Scrophulariaceae,Pedicularis,Pedicularis parryi ssp. mogollonica,Perennial,Forb/herb
PEPAP4,Figwort family,Parry's lousewort,Plantae,Magnoliophyta,Magnoliopsida,Scrophulariales,Scrophulariaceae,Pedicularis,Pedicularis parryi ssp. parryi,Perennial,Forb/herb
PEPR7,Figwort family,giant lousewort,Plantae,Magnoliophyta,Magnoliopsida,Scrophulariales,Scrophulariaceae,Pedicularis,Pedicularis procera,Perennial,Forb/herb
PESUS2,Figwort family,sudetic lousewort,Plantae,Magnoliophyta,Magnoliopsida,Scrophulariales,Scrophulariaceae,Pedicularis,Pedicularis sudetica ssp. scopulorum,Perennial,Forb/herb
PEAM,Figwort family,gilia beardtongue,Plantae,Magnoliophyta,Magnoliopsida,Scrophulariales,Scrophulariaceae,Penstemon,Penstemon ambiguus,Perennial,"Forb/herb, Subshrub"
PEAMA,Figwort family,gilia beardtongue,Plantae,Magnoliophyta,Magnoliopsida,Scrophulariales,Scrophulariaceae,Penstemon,Penstemon ambiguus var. ambiguus,Perennial,"Forb/herb, Subshrub"
PEAML2,Figwort family,pink plains beardtongue,Plantae,Magnoliophyta,Magnoliopsida,Scrophulariales,Scrophulariaceae,Penstemon,Penstemon ambiguus var. laevissimus,Perennial,"Forb/herb, Subshrub"
PEAN4,Figwort family,broadbeard beardtongue,Plantae,Magnoliophyta,Magnoliopsida,Scrophulariales,Scrophulariaceae,Penstemon,Penstemon angustifolius,Perennial,"Forb/herb, Subshrub"
PEANA2,Figwort family,broadbeard beardtongue,Plantae,Magnoliophyta,Magnoliopsida,Scrophulariales,Scrophulariaceae,Penstemon,Penstemon angustifolius var. angustifolius,Perennial,"Forb/herb, Subshrub"
PEANC,Figwort family,broadbeard beardtongue,Plantae,Magnoliophyta,Magnoliopsida,Scrophulariales,Scrophulariaceae,Penstemon,Penstemon angustifolius var. caudatus,Perennial,"Forb/herb, Subshrub"
PEANV,Figwort family,broadbeard beardtongue,Plantae,Magnoliophyta,Magnoliopsida,Scrophulariales,Scrophulariaceae,Penstemon,Penstemon angustifolius var. venosus,Perennial,"Forb/herb, Subshrub"
PEANV2,Figwort family,broadbeard beardtongue,Plantae,Magnoliophyta,Magnoliopsida,Scrophulariales,Scrophulariaceae,Penstemon,Penstemon angustifolius var. vernalensis,Perennial,"Forb/herb, Subshrub"
PEAR,Figwort family,sand penstemon,Plantae,Magnoliophyta,Magnoliopsida,Scrophulariales,Scrophulariaceae,Penstemon,Penstemon arenicola,Perennial,Forb/herb
PEAU2,Figwort family,Colorado beardtongue,Plantae,Magnoliophyta,Magnoliopsida,Scrophulariales,Scrophulariaceae,Penstemon,Penstemon auriberbis,Perennial,"Forb/herb, Subshrub"
PEBA2,Figwort family,beardlip penstemon,Plantae,Magnoliophyta,Magnoliopsida,Scrophulariales,Scrophulariaceae,Penstemon,Penstemon barbatus,Perennial,Forb/herb
PEBAT,Figwort family,Torrey's penstemon,Plantae,Magnoliophyta,Magnoliopsida,Scrophulariales,Scrophulariaceae,Penstemon,Penstemon barbatus ssp. torreyi,Perennial,Forb/herb
PEBAT2,Figwort family,beardlip penstemon,Plantae,Magnoliophyta,Magnoliopsida,Scrophulariales,Scrophulariaceae,Penstemon,Penstemon barbatus ssp. trichander,Perennial,Forb/herb
PEBR9,Figwort family,shortstem beardtongue,Plantae,Magnoliophyta,Magnoliopsida,Scrophulariales,Scrophulariaceae,Penstemon,Penstemon breviculus,Perennial,Forb/herb
PEBU,Figwort family,Buckley's beardtongue,Plantae,Magnoliophyta,Magnoliopsida,Scrophulariales,Scrophulariaceae,Penstemon,Penstemon buckleyi,Perennial,"Forb/herb, Subshrub"
PECA4,Figwort family,mat penstemon,Plantae,Magnoliophyta,Magnoliopsida,Scrophulariales,Scrophulariaceae,Penstemon,Penstemon caespitosus,Perennial,"Forb/herb, Subshrub"
PECAC4,Figwort family,mat penstemon,Plantae,Magnoliophyta,Magnoliopsida,Scrophulariales,Scrophulariaceae,Penstemon,Penstemon caespitosus var. caespitosus,Perennial,"Forb/herb, Subshrub"
PECAP2,Figwort family,mat penstemon,Plantae,Magnoliophyta,Magnoliopsida,Scrophulariales,Scrophulariaceae,Penstemon,Penstemon caespitosus var. perbrevis,Perennial,"Forb/herb, Subshrub"
PECO4,Figwort family,cobaea beardtongue,Plantae,Magnoliophyta,Magnoliopsida,Scrophulariales,Scrophulariaceae,Penstemon,Penstemon cobaea,Perennial,Forb/herb
PECO5,Figwort family,dusty beardtongue,Plantae,Magnoliophyta,Magnoliopsida,Scrophulariales,Scrophulariaceae,Penstemon,Penstemon comarrhenus,Perennial,Forb/herb
PECR5,Figwort family,Crandall's beardtongue,Plantae,Magnoliophyta,Magnoliopsida,Scrophulariales,Scrophulariaceae,Penstemon,Penstemon crandallii,Perennial,"Forb/herb, Subshrub"
PECRA,Figwort family,Crandall's beardtongue,Plantae,Magnoliophyta,Magnoliopsida,Scrophulariales,Scrophulariaceae,Penstemon,Penstemon crandallii ssp. atratus,Perennial,"Forb/herb, Subshrub"
PECRC,Figwort family,Crandall's beardtongue,Plantae,Magnoliophyta,Magnoliopsida,Scrophulariales,Scrophulariaceae,Penstemon,Penstemon crandallii ssp. crandallii,Perennial,"Forb/herb, Subshrub"
PECRG,Figwort family,Crandall's beardtongue,Plantae,Magnoliophyta,Magnoliopsida,Scrophulariales,Scrophulariaceae,Penstemon,Penstemon crandallii ssp. glabrescens,Perennial,"Forb/herb, Subshrub"
PECRP,Figwort family,Crandall's beardtongue,Plantae,Magnoliophyta,Magnoliopsida,Scrophulariales,Scrophulariaceae,Penstemon,Penstemon crandallii ssp. procumbens,Perennial,"Forb/herb, Subshrub"
PECY4,Figwort family,bluestem beardtongue,Plantae,Magnoliophyta,Magnoliopsida,Scrophulariales,Scrophulariaceae,Penstemon,Penstemon cyanocaulis,Perennial,Forb/herb
PECY6,Figwort family,sagebrush beardtongue,Plantae,Magnoliophyta,Magnoliopsida,Scrophulariales,Scrophulariaceae,Penstemon,Penstemon cyathophorus,Perennial,Forb/herb
PEDE22,Figwort family,Parachute beardtongue,Plantae,Magnoliophyta,Magnoliopsida,Scrophulariales,Scrophulariaceae,Penstemon,Penstemon debilis,Perennial,Forb/herb
PEDE12,Figwort family,Degener's beardtongue,Plantae,Magnoliophyta,Magnoliopsida,Scrophulariales,Scrophulariaceae,Penstemon,Penstemon degeneri,Perennial,Forb/herb
PEEA,Figwort family,firecracker penstemon,Plantae,Magnoliophyta,Magnoliopsida,Scrophulariales,Scrophulariaceae,Penstemon,Penstemon eatonii,Perennial,Forb/herb
PEEAE2,Figwort family,firecracker penstemon,Plantae,Magnoliophyta,Magnoliopsida,Scrophulariales,Scrophulariaceae,Penstemon,Penstemon eatonii ssp. eatonii,Perennial,Forb/herb
PEEAU,Figwort family,firecracker penstemon,Plantae,Magnoliophyta,Magnoliopsida,Scrophulariales,Scrophulariaceae,Penstemon,Penstemon eatonii ssp. undosus,Perennial,Forb/herb
PEFE,Figwort family,Fendler's penstemon,Plantae,Magnoliophyta,Magnoliopsida,Scrophulariales,Scrophulariaceae,Penstemon,Penstemon fendleri,Perennial,Forb/herb
PEFR,Figwort family,Fremont's beardtongue,Plantae,Magnoliophyta,Magnoliopsida,Scrophulariales,Scrophulariaceae,Penstemon,Penstemon fremontii,Perennial,"Forb/herb, Subshrub"
PEFRF5,Figwort family,Fremont's beardtongue,Plantae,Magnoliophyta,Magnoliopsida,Scrophulariales,Scrophulariaceae,Penstemon,Penstemon fremontii var. fremontii,Perennial,"Forb/herb, Subshrub"
PEFRG,Figwort family,Fremont's beardtongue,Plantae,Magnoliophyta,Magnoliopsida,Scrophulariales,Scrophulariaceae,Penstemon,Penstemon fremontii var. glabrescens,Perennial,"Forb/herb, Subshrub"
PEGI4,Figwort family,Gibbens' beardtongue,Plantae,Magnoliophyta,Magnoliopsida,Scrophulariales,Scrophulariaceae,Penstemon,Penstemon gibbensii,Perennial,Forb/herb
PEGL3,Figwort family,sawsepal penstemon,Plantae,Magnoliophyta,Magnoliopsida,Scrophulariales,Scrophulariaceae,Penstemon,Penstemon glaber,Perennial,"Forb/herb, Subshrub"
PEGLA,Figwort family,alpine sawsepal penstemon,Plantae,Magnoliophyta,Magnoliopsida,Scrophulariales,Scrophulariaceae,Penstemon,Penstemon glaber var. alpinus,Perennial,"Forb/herb, Subshrub"
PEGLB,Figwort family,Brandegee's penstemon,Plantae,Magnoliophyta,Magnoliopsida,Scrophulariales,Scrophulariaceae,Penstemon,Penstemon glaber var. brandegeei,Perennial,"Forb/herb, Subshrub"
PEGLG2,Figwort family,sawsepal penstemon,Plantae,Magnoliophyta,Magnoliopsida,Scrophulariales,Scrophulariaceae,Penstemon,Penstemon glaber var. glaber,Perennial,"Forb/herb, Subshrub"
PEGR6,Figwort family,Uinta Basin beardtongue,Plantae,Magnoliophyta,Magnoliopsida,Scrophulariales,Scrophulariaceae,Penstemon,Penstemon grahamii,Perennial,Forb/herb
PEGR7,Figwort family,large beardtongue,Plantae,Magnoliophyta,Magnoliopsida,Scrophulariales,Scrophulariaceae,Penstemon,Penstemon grandiflorus,Perennial,Forb/herb
PEGR20,Figwort family,Griffin's beardtongue,Plantae,Magnoliophyta,Magnoliopsida,Scrophulariales,Scrophulariaceae,Penstemon,Penstemon griffinii,Perennial,Forb/herb
PEHA9,Figwort family,Hall's beardtongue,Plantae,Magnoliophyta,Magnoliopsida,Scrophulariales,Scrophulariaceae,Penstemon,Penstemon hallii,Perennial,Forb/herb
PEHA10,Figwort family,Harbour's beardtongue,Plantae,Magnoliophyta,Magnoliopsida,Scrophulariales,Scrophulariaceae,Penstemon,Penstemon harbourii,Perennial,Forb/herb
PEHA11,Figwort family,Harrington's beardtongue,Plantae,Magnoliophyta,Magnoliopsida,Scrophulariales,Scrophulariaceae,Penstemon,Penstemon harringtonii,Perennial,Forb/herb
PEHU,Figwort family,low beardtongue,Plantae,Magnoliophyta,Magnoliopsida,Scrophulariales,Scrophulariaceae,Penstemon,Penstemon humilis,Perennial,"Forb/herb, Subshrub"
PEHUH,Figwort family,low beardtongue,Plantae,Magnoliophyta,Magnoliopsida,Scrophulariales,Scrophulariaceae,Penstemon,Penstemon humilis ssp. humilis,Perennial,"Forb/herb, Subshrub"
PEJA,Figwort family,James' beardtongue,Plantae,Magnoliophyta,Magnoliopsida,Scrophulariales,Scrophulariaceae,Penstemon,Penstemon jamesii,Perennial,"Forb/herb, Subshrub"
PELA9,Figwort family,larchleaf beardtongue,Plantae,Magnoliophyta,Magnoliopsida,Scrophulariales,Scrophulariaceae,Penstemon,Penstemon laricifolius,Perennial,Forb/herb
PELAE,Figwort family,larchleaf beardtongue,Plantae,Magnoliophyta,Magnoliopsida,Scrophulariales,Scrophulariaceae,Penstemon,Penstemon laricifolius ssp. exilifolius,Perennial,Forb/herb
PELE2,Figwort family,handsome beardtongue,Plantae,Magnoliophyta,Magnoliopsida,Scrophulariales,Scrophulariaceae,Penstemon,Penstemon lentus,Perennial,Forb/herb
PELEL2,Figwort family,handsome beardtongue,Plantae,Magnoliophyta,Magnoliopsida,Scrophulariales,Scrophulariaceae,Penstemon,Penstemon lentus var. lentus,Perennial,Forb/herb
PELI2,Figwort family,toadflax penstemon,Plantae,Magnoliophyta,Magnoliopsida,Scrophulariales,Scrophulariaceae,Penstemon,Penstemon linarioides,Perennial,"Forb/herb, Subshrub"
PELIC,Figwort family,toadflax penstemon,Plantae,Magnoliophyta,Magnoliopsida,Scrophulariales,Scrophulariaceae,Penstemon,Penstemon linarioides ssp. coloradoensis,Perennial,"Forb/herb, Subshrub"
PELIL2,Figwort family,toadflax beardtongue,Plantae,Magnoliophyta,Magnoliopsida,Scrophulariales,Scrophulariaceae,Penstemon,Penstemon linarioides ssp. linarioides,Perennial,"Forb/herb, Subshrub"
PEME2,Figwort family,tiger beardtongue,Plantae,Magnoliophyta,Magnoliopsida,Scrophulariales,Scrophulariaceae,Penstemon,Penstemon mensarum,Perennial,Forb/herb
PEMO3,Figwort family,Moffatt's beardtongue,Plantae,Magnoliophyta,Magnoliopsida,Scrophulariales,Scrophulariaceae,Penstemon,Penstemon moffatii,Perennial,Forb/herb
PEMOM,Figwort family,Moffatt's beardtongue,Plantae,Magnoliophyta,Magnoliopsida,Scrophulariales,Scrophulariaceae,Penstemon,Penstemon moffatii ssp. moffatii,Perennial,Forb/herb
PEMOP,Figwort family,Moffatt's beardtongue,Plantae,Magnoliophyta,Magnoliopsida,Scrophulariales,Scrophulariaceae,Penstemon,Penstemon moffatii ssp. paysonii,Perennial,Forb/herb
PEOP,Figwort family,coiled anther penstemon,Plantae,Magnoliophyta,Magnoliopsida,Scrophulariales,Scrophulariaceae,Penstemon,Penstemon ophianthus,Perennial,Forb/herb
PEOS,Figwort family,Osterhout's beardtongue,Plantae,Magnoliophyta,Magnoliopsida,Scrophulariales,Scrophulariaceae,Penstemon,Penstemon osterhoutii,Perennial,Forb/herb
PEPA6,Figwort family,thickleaf beardtongue,Plantae,Magnoliophyta,Magnoliopsida,Scrophulariales,Scrophulariaceae,Penstemon,Penstemon pachyphyllus,Perennial,Forb/herb
PEPAM5,Figwort family,mucronate penstemon,Plantae,Magnoliophyta,Magnoliopsida,Scrophulariales,Scrophulariaceae,Penstemon,Penstemon pachyphyllus var. mucronatus,Perennial,Forb/herb
PEPA8,Figwort family,Palmer's penstemon,Plantae,Magnoliophyta,Magnoliopsida,Scrophulariales,Scrophulariaceae,Penstemon,Penstemon palmeri,Perennial,"Forb/herb, Subshrub"
PEPAP9,Figwort family,Palmer's penstemon,Plantae,Magnoliophyta,Magnoliopsida,Scrophulariales,Scrophulariaceae,Penstemon,Penstemon palmeri var. palmeri,Perennial,"Forb/herb, Subshrub"
PEPA25,Figwort family,Montezuma County beardtongue,Plantae,Magnoliophyta,Magnoliopsida,Scrophulariales,Scrophulariaceae,Penstemon,Penstemon parviflorus,Perennial,Forb/herb
PEPE25,Figwort family,Penland's beardtongue,Plantae,Magnoliophyta,Magnoliopsida,Scrophulariales,Scrophulariaceae,Penstemon,Penstemon penlandii,Perennial,"Forb/herb, Subshrub"
PERA2,Figwort family,matroot penstemon,Plantae,Magnoliophyta,Magnoliopsida,Scrophulariales,Scrophulariaceae,Penstemon,Penstemon radicosus,Perennial,"Forb/herb, Subshrub"
PERE7,Figwort family,Adobe Hills beardtongue,Plantae,Magnoliophyta,Magnoliopsida,Scrophulariales,Scrophulariaceae,Penstemon,Penstemon retrorsus,Perennial,Forb/herb
PERO10,Figwort family,Bridge penstemon,Plantae,Magnoliophyta,Magnoliopsida,Scrophulariales,Scrophulariaceae,Penstemon,Penstemon rostriflorus,Perennial,"Forb/herb, Subshrub"
PERY,Figwort family,Rydberg's penstemon,Plantae,Magnoliophyta,Magnoliopsida,Scrophulariales,Scrophulariaceae,Penstemon,Penstemon rydbergii,Perennial,"Forb/herb, Subshrub"
PERYA,Figwort family,meadow beardtongue,Plantae,Magnoliophyta,Magnoliopsida,Scrophulariales,Scrophulariaceae,Penstemon,Penstemon rydbergii var. aggregatus,Perennial,"Forb/herb, Subshrub"
PERYR,Figwort family,swollen penstemon,Plantae,Magnoliophyta,Magnoliopsida,Scrophulariales,Scrophulariaceae,Penstemon,Penstemon rydbergii var. rydbergii,Perennial,"Forb/herb, Subshrub"
PESA2,Figwort family,upland beardtongue,Plantae,Magnoliophyta,Magnoliopsida,Scrophulariales,Scrophulariaceae,Penstemon,Penstemon saxosorum,Perennial,Forb/herb
PESC5,Figwort family,White River beardtongue,Plantae,Magnoliophyta,Magnoliopsida,Scrophulariales,Scrophulariaceae,Penstemon,Penstemon scariosus,Perennial,"Forb/herb, Subshrub"
PESCA,Figwort family,White River beardtongue,Plantae,Magnoliophyta,Magnoliopsida,Scrophulariales,Scrophulariaceae,Penstemon,Penstemon scariosus var. albifluvis,Perennial,"Forb/herb, Subshrub"
PESCC,Figwort family,Neese's Blue Mountain beardtongue,Plantae,Magnoliophyta,Magnoliopsida,Scrophulariales,Scrophulariaceae,Penstemon,Penstemon scariosus var. cyanomontanus,Perennial,"Forb/herb, Subshrub"
PESE11,Figwort family,sidebells penstemon,Plantae,Magnoliophyta,Magnoliopsida,Scrophulariales,Scrophulariaceae,Penstemon,Penstemon secundiflorus,Perennial,Forb/herb
PEST9,Figwort family,Mancos penstemon,Plantae,Magnoliophyta,Magnoliopsida,Scrophulariales,Scrophulariaceae,Penstemon,Penstemon strictiformis,Perennial,"Forb/herb, Subshrub"
PEST2,Figwort family,Rocky Mountain penstemon,Plantae,Magnoliophyta,Magnoliopsida,Scrophulariales,Scrophulariaceae,Penstemon,Penstemon strictus,Perennial,Forb/herb
PETE9,Figwort family,germander beardtongue,Plantae,Magnoliophyta,Magnoliopsida,Scrophulariales,Scrophulariaceae,Penstemon,Penstemon teucrioides,Perennial,Forb/herb
PEUN,Figwort family,oneside penstemon,Plantae,Magnoliophyta,Magnoliopsida,Scrophulariales,Scrophulariaceae,Penstemon,Penstemon unilateralis,Perennial,Forb/herb
PEUT,Figwort family,Utah penstemon,Plantae,Magnoliophyta,Magnoliopsida,Scrophulariales,Scrophulariaceae,Penstemon,Penstemon utahensis,Perennial,Forb/herb
PEVE9,Figwort family,variable-color beardtongue,Plantae,Magnoliophyta,Magnoliopsida,Scrophulariales,Scrophulariaceae,Penstemon,Penstemon versicolor,Perennial,Forb/herb
PEVI3,Figwort family,Front Range beardtongue,Plantae,Magnoliophyta,Magnoliopsida,Scrophulariales,Scrophulariaceae,Penstemon,Penstemon virens,Perennial,"Forb/herb, Subshrub"
PEWA,Figwort family,Watson's penstemon,Plantae,Magnoliophyta,Magnoliopsida,Scrophulariales,Scrophulariaceae,Penstemon,Penstemon watsonii,Perennial,"Forb/herb, Subshrub"
PEWH,Figwort family,Whipple's penstemon,Plantae,Magnoliophyta,Magnoliopsida,Scrophulariales,Scrophulariaceae,Penstemon,Penstemon whippleanus,Perennial,"Forb/herb, Subshrub"
PEYA2,Figwort family,Yampa beardtongue,Plantae,Magnoliophyta,Magnoliopsida,Scrophulariales,Scrophulariaceae,Penstemon,Penstemon yampaensis,Perennial,Forb/herb
CHCO,Potato family,gray five eyes,Plantae,Magnoliophyta,Magnoliopsida,Solanales,Solanaceae,Chamaesaracha,Chamaesaracha coniodes,Perennial,Forb/herb
CHCO2,Potato family,greenleaf five eyes,Plantae,Magnoliophyta,Magnoliopsida,Solanales,Solanaceae,Chamaesaracha,Chamaesaracha coronopus,Perennial,"Forb/herb, Subshrub"
DAWR2,Potato family,sacred thorn-apple,Plantae,Magnoliophyta,Magnoliopsida,Solanales,Solanaceae,Datura,Datura wrightii,"Annual, Perennial","Forb/herb, Subshrub"
LYPA,Potato family,pale desert-thorn,Plantae,Magnoliophyta,Magnoliopsida,Solanales,Solanaceae,Lycium,Lycium pallidum,Perennial,Shrub
LYPAP,Potato family,pale desert-thorn,Plantae,Magnoliophyta,Magnoliopsida,Solanales,Solanaceae,Lycium,Lycium pallidum var. pallidum,Perennial,Shrub
PHCI4,Potato family,smallflower groundcherry,Plantae,Magnoliophyta,Magnoliopsida,Solanales,Solanaceae,Physalis,Physalis cinerascens,Perennial,Forb/herb
PHCIC3,Potato family,smallflower groundcherry,Plantae,Magnoliophyta,Magnoliopsida,Solanales,Solanaceae,Physalis,Physalis cinerascens var. cinerascens,Perennial,Forb/herb
PHHE4,Potato family,ivyleaf groundcherry,Plantae,Magnoliophyta,Magnoliopsida,Solanales,Solanaceae,Physalis,Physalis hederifolia,Perennial,"Forb/herb, Subshrub"
PHHEC,Potato family,ivyleaf groundcherry,Plantae,Magnoliophyta,Magnoliopsida,Solanales,Solanaceae,Physalis,Physalis hederifolia var. comata,Perennial,"Forb/herb, Subshrub"
PHHEF,Potato family,Fendler's groundcherry,Plantae,Magnoliophyta,Magnoliopsida,Solanales,Solanaceae,Physalis,Physalis hederifolia var. fendleri,Perennial,"Forb/herb, Subshrub"
PHHI8,Potato family,prairie groundcherry,Plantae,Magnoliophyta,Magnoliopsida,Solanales,Solanaceae,Physalis,Physalis hispida,Perennial,Forb/herb
PHLOL3,Potato family,longleaf groundcherry,Plantae,Magnoliophyta,Magnoliopsida,Solanales,Solanaceae,Physalis,Physalis longifolia var. longifolia,Perennial,Forb/herb
PHPUI,Potato family,husk tomato,Plantae,Magnoliophyta,Magnoliopsida,Solanales,Solanaceae,Physalis,Physalis pubescens var. integrifolia,Annual,Forb/herb
PHSU7,Potato family,Chihuahuan groundcherry,Plantae,Magnoliophyta,Magnoliopsida,Solanales,Solanaceae,Physalis,Physalis subulata,Annual,Forb/herb
PHSUN,Potato family,New Mexican groundcherry,Plantae,Magnoliophyta,Magnoliopsida,Solanales,Solanaceae,Physalis,Physalis subulata var. neomexicana,Annual,Forb/herb
PHVIP,Potato family,Virginia groundcherry,Plantae,Magnoliophyta,Magnoliopsida,Solanales,Solanaceae,Physalis,Physalis virginiana var. polyphylla,Perennial,Forb/herb
QULO2,Potato family,Chinese lantern,Plantae,Magnoliophyta,Magnoliopsida,Solanales,Solanaceae,Quincula,Quincula lobata,Perennial,Forb/herb
SOEL,Potato family,silverleaf nightshade,Plantae,Magnoliophyta,Magnoliopsida,Solanales,Solanaceae,Solanum,Solanum elaeagnifolium,Perennial,"Forb/herb, Subshrub"
SOHE,Potato family,melonleaf nightshade,Plantae,Magnoliophyta,Magnoliopsida,Solanales,Solanaceae,Solanum,Solanum heterodoxum,Annual,Forb/herb
SOHES,Potato family,melonleaf nightshade,Plantae,Magnoliophyta,Magnoliopsida,Solanales,Solanaceae,Solanum,Solanum heterodoxum var. setigeroides,Annual,Forb/herb
SOJA,Potato family,wild potato,Plantae,Magnoliophyta,Magnoliopsida,Solanales,Solanaceae,Solanum,Solanum jamesii,Perennial,Forb/herb
CELA,Elm family,sugarberry,Plantae,Magnoliophyta,Magnoliopsida,Urticales,Ulmaceae,Celtis,Celtis laevigata,Perennial,"Shrub, Tree"
CELAR,Elm family,netleaf hackberry,Plantae,Magnoliophyta,Magnoliopsida,Urticales,Ulmaceae,Celtis,Celtis laevigata var. reticulata,Perennial,"Shrub, Tree"
URDIH,Nettle family,stinging nettle,Plantae,Magnoliophyta,Magnoliopsida,Urticales,Urticaceae,Urtica,Urtica dioica ssp. holosericea,Perennial,Forb/herb
VAAC,Valerian family,sharpleaf valerian,Plantae,Magnoliophyta,Magnoliopsida,Dipsacales,Valerianaceae,Valeriana,Valeriana acutiloba,Perennial,Forb/herb
VAACA,Valerian family,sharpleaf valerian,Plantae,Magnoliophyta,Magnoliopsida,Dipsacales,Valerianaceae,Valeriana,Valeriana acutiloba var. acutiloba,Perennial,Forb/herb
VAACP,Valerian family,hairyfruit valerian,Plantae,Magnoliophyta,Magnoliopsida,Dipsacales,Valerianaceae,Valeriana,Valeriana acutiloba var. pubicarpa,Perennial,Forb/herb
VAAR3,Valerian family,Arizona valerian,Plantae,Magnoliophyta,Magnoliopsida,Dipsacales,Valerianaceae,Valeriana,Valeriana arizonica,Perennial,Forb/herb
VAOC2,Valerian family,western valerian,Plantae,Magnoliophyta,Magnoliopsida,Dipsacales,Valerianaceae,Valeriana,Valeriana occidentalis,Perennial,Forb/herb
GLBI2,Verbena family,Dakota mock vervain,Plantae,Magnoliophyta,Magnoliopsida,Lamiales,Verbenaceae,Glandularia,Glandularia bipinnatifida,"Annual, Perennial",Forb/herb
GLBIB,Verbena family,Dakota mock vervain,Plantae,Magnoliophyta,Magnoliopsida,Lamiales,Verbenaceae,Glandularia,Glandularia bipinnatifida var. bipinnatifida,"Annual, Perennial",Forb/herb
GLBIC,Verbena family,Davis Mountain mock vervain,Plantae,Magnoliophyta,Magnoliopsida,Lamiales,Verbenaceae,Glandularia,Glandularia bipinnatifida var. ciliata,"Annual, Perennial",Forb/herb
GLCA2,Verbena family,rose mock vervain,Plantae,Magnoliophyta,Magnoliopsida,Lamiales,Verbenaceae,Glandularia,Glandularia canadensis,Perennial,Forb/herb
GLGO,Verbena family,southwestern mock vervain,Plantae,Magnoliophyta,Magnoliopsida,Lamiales,Verbenaceae,Glandularia,Glandularia gooddingii,Perennial,Forb/herb
PHCU3,Verbena family,wedgeleaf,Plantae,Magnoliophyta,Magnoliopsida,Lamiales,Verbenaceae,Phyla,Phyla cuneifolia,Perennial,"Forb/herb, Subshrub"
PHNO2,Verbena family,turkey tangle fogfruit,Plantae,Magnoliophyta,Magnoliopsida,Lamiales,Verbenaceae,Phyla,Phyla nodiflora,Perennial,Forb/herb
VECR5,Verbena family,vervain,Plantae,Magnoliophyta,Magnoliopsida,Lamiales,Verbenaceae,Verbena,Verbena Ã—crookshanksii,Perennial,Forb/herb
VEMA,Verbena family,MacDougal verbena,Plantae,Magnoliophyta,Magnoliopsida,Lamiales,Verbenaceae,Verbena,Verbena macdougalii,Perennial,Forb/herb
VEPL,Verbena family,fanleaf vervain,Plantae,Magnoliophyta,Magnoliopsida,Lamiales,Verbenaceae,Verbena,Verbena plicata,Perennial,Forb/herb
HYVE,Violet family,babyslippers,Plantae,Magnoliophyta,Magnoliopsida,Violales,Violaceae,Hybanthus,Hybanthus verticillatus,Perennial,Forb/herb
VICAS2,Violet family,Canadian white violet,Plantae,Magnoliophyta,Magnoliopsida,Violales,Violaceae,Viola,Viola canadensis var. scopulorum,Perennial,Forb/herb
VINU2,Violet family,Nuttall's violet,Plantae,Magnoliophyta,Magnoliopsida,Violales,Violaceae,Viola,Viola nuttallii,Perennial,Forb/herb
VISH,Violet family,Shelton's violet,Plantae,Magnoliophyta,Magnoliopsida,Violales,Violaceae,Viola,Viola sheltonii,Perennial,Forb/herb
VIUT,Violet family,Utah violet,Plantae,Magnoliophyta,Magnoliopsida,Violales,Violaceae,Viola,Viola utahensis,Perennial,Forb/herb
ARCY2,Christmas Mistletoe family,limber pine dwarf mistletoe,Plantae,Magnoliophyta,Magnoliopsida,Santalales,Viscaceae,Arceuthobium,Arceuthobium cyanocarpum,Perennial,"Shrub, Subshrub"
ARDI3,Christmas Mistletoe family,pinyon dwarf mistletoe,Plantae,Magnoliophyta,Magnoliopsida,Santalales,Viscaceae,Arceuthobium,Arceuthobium divaricatum,Perennial,"Shrub, Subshrub"
ARVA,Christmas Mistletoe family,pineland dwarf mistletoe,Plantae,Magnoliophyta,Magnoliopsida,Santalales,Viscaceae,Arceuthobium,Arceuthobium vaginatum,Perennial,"Shrub, Subshrub"
ARVAC,Christmas Mistletoe family,pineland dwarf mistletoe,Plantae,Magnoliophyta,Magnoliopsida,Santalales,Viscaceae,Arceuthobium,Arceuthobium vaginatum ssp. cryptopodum,Perennial,"Shrub, Subshrub"
PHJU,Christmas Mistletoe family,juniper mistletoe,Plantae,Magnoliophyta,Magnoliopsida,Santalales,Viscaceae,Phoradendron,Phoradendron juniperinum,Perennial,"Shrub, Subshrub"
PAVI5,Grape family,woodbine,Plantae,Magnoliophyta,Magnoliopsida,Rhamnales,Vitaceae,Parthenocissus,Parthenocissus vitacea,Perennial,Vine
VIAC2,Grape family,mapleleaf grape,Plantae,Magnoliophyta,Magnoliopsida,Rhamnales,Vitaceae,Vitis,Vitis acerifolia,Perennial,Vine
KAPA,Creosote-bush family,warty caltrop,Plantae,Magnoliophyta,Magnoliopsida,Sapindales,Zygophyllaceae,Kallstroemia,Kallstroemia parviflora,Annual,Forb/herb
